ID,Device Name,Date,Traffic Total
10996,{storage-tp-10-112-11-213} (10.112.11.213) [EdgeCore_AS7712-32X] @Rack_L16  [TP-GF],20-03-2024 00:00:50,0.02
10996,{storage-tp-10-112-11-213} (10.112.11.213) [EdgeCore_AS7712-32X] @Rack_L16  [TP-GF],20-03-2024 00:01:50,0.02
10996,{storage-tp-10-112-11-213} (10.112.11.213) [EdgeCore_AS7712-32X] @Rack_L16  [TP-GF],20-03-2024 00:02:50,0.02
10996,{storage-tp-10-112-11-213} (10.112.11.213) [EdgeCore_AS7712-32X] @Rack_L16  [TP-GF],20-03-2024 00:03:50,0.02
10996,{storage-tp-10-112-11-213} (10.112.11.213) [EdgeCore_AS7712-32X] @Rack_L16  [TP-GF],20-03-2024 00:04:50,0.02
10996,{storage-tp-10-112-11-213} (10.112.11.213) [EdgeCore_AS7712-32X] @Rack_L16  [TP-GF],20-03-2024 00:05:50,0.02
10996,{storage-tp-10-112-11-213} (10.112.11.213) [EdgeCore_AS7712-32X] @Rack_L16  [TP-GF],20-03-2024 00:06:50,0.02
10996,{storage-tp-10-112-11-213} (10.112.11.213) [EdgeCore_AS7712-32X] @Rack_L16  [TP-GF],20-03-2024 00:07:50,0.02
10996,{storage-tp-10-112-11-213} (10.112.11.213) [EdgeCore_AS7712-32X] @Rack_L16  [TP-GF],20-03-2024 00:08:50,0.02
10996,{storage-tp-10-112-11-213} (10.112.11.213) [EdgeCore_AS7712-32X] @Rack_L16  [TP-GF],20-03-2024 00:09:50,0.02
10996,{storage-tp-10-112-11-213} (10.112.11.213) [EdgeCore_AS7712-32X] @Rack_L16  [TP-GF],20-03-2024 00:10:50,0.02
10996,{storage-tp-10-112-11-213} (10.112.11.213) [EdgeCore_AS7712-32X] @Rack_L16  [TP-GF],20-03-2024 00:11:50,0.02
10996,{storage-tp-10-112-11-213} (10.112.11.213) [EdgeCore_AS7712-32X] @Rack_L16  [TP-GF],20-03-2024 00:12:50,0.02
10996,{storage-tp-10-112-11-213} (10.112.11.213) [EdgeCore_AS7712-32X] @Rack_L16  [TP-GF],20-03-2024 00:13:50,0.02
10996,{storage-tp-10-112-11-213} (10.112.11.213) [EdgeCore_AS7712-32X] @Rack_L16  [TP-GF],20-03-2024 00:14:50,0.02
10996,{storage-tp-10-112-11-213} (10.112.11.213) [EdgeCore_AS7712-32X] @Rack_L16  [TP-GF],20-03-2024 00:15:50,0.02
10996,{storage-tp-10-112-11-213} (10.112.11.213) [EdgeCore_AS7712-32X] @Rack_L16  [TP-GF],20-03-2024 00:16:50,0.02
10996,{storage-tp-10-112-11-213} (10.112.11.213) [EdgeCore_AS7712-32X] @Rack_L16  [TP-GF],20-03-2024 00:17:50,0.02
10996,{storage-tp-10-112-11-213} (10.112.11.213) [EdgeCore_AS7712-32X] @Rack_L16  [TP-GF],20-03-2024 00:18:50,0.02
10996,{storage-tp-10-112-11-213} (10.112.11.213) [EdgeCore_AS7712-32X] @Rack_L16  [TP-GF],20-03-2024 00:19:50,0.02
10996,{storage-tp-10-112-11-213} (10.112.11.213) [EdgeCore_AS7712-32X] @Rack_L16  [TP-GF],20-03-2024 00:20:50,0.02
10996,{storage-tp-10-112-11-213} (10.112.11.213) [EdgeCore_AS7712-32X] @Rack_L16  [TP-GF],20-03-2024 00:21:50,0.02
10996,{storage-tp-10-112-11-213} (10.112.11.213) [EdgeCore_AS7712-32X] @Rack_L16  [TP-GF],20-03-2024 00:22:50,0.02
10996,{storage-tp-10-112-11-213} (10.112.11.213) [EdgeCore_AS7712-32X] @Rack_L16  [TP-GF],20-03-2024 00:23:50,0.02
10996,{storage-tp-10-112-11-213} (10.112.11.213) [EdgeCore_AS7712-32X] @Rack_L16  [TP-GF],20-03-2024 00:24:50,0.02
10996,{storage-tp-10-112-11-213} (10.112.11.213) [EdgeCore_AS7712-32X] @Rack_L16  [TP-GF],20-03-2024 00:25:50,0.02
10996,{storage-tp-10-112-11-213} (10.112.11.213) [EdgeCore_AS7712-32X] @Rack_L16  [TP-GF],20-03-2024 00:26:50,0.02
10996,{storage-tp-10-112-11-213} (10.112.11.213) [EdgeCore_AS7712-32X] @Rack_L16  [TP-GF],20-03-2024 00:27:50,0.02
10996,{storage-tp-10-112-11-213} (10.112.11.213) [EdgeCore_AS7712-32X] @Rack_L16  [TP-GF],20-03-2024 00:28:50,0.02
10996,{storage-tp-10-112-11-213} (10.112.11.213) [EdgeCore_AS7712-32X] @Rack_L16  [TP-GF],20-03-2024 00:29:50,0.02
10996,{storage-tp-10-112-11-213} (10.112.11.213) [EdgeCore_AS7712-32X] @Rack_L16  [TP-GF],20-03-2024 00:30:50,0.02
10996,{storage-tp-10-112-11-213} (10.112.11.213) [EdgeCore_AS7712-32X] @Rack_L16  [TP-GF],20-03-2024 00:31:50,0.02
10996,{storage-tp-10-112-11-213} (10.112.11.213) [EdgeCore_AS7712-32X] @Rack_L16  [TP-GF],20-03-2024 00:32:50,0.02
10996,{storage-tp-10-112-11-213} (10.112.11.213) [EdgeCore_AS7712-32X] @Rack_L16  [TP-GF],20-03-2024 00:33:50,0.02
10996,{storage-tp-10-112-11-213} (10.112.11.213) [EdgeCore_AS7712-32X] @Rack_L16  [TP-GF],20-03-2024 00:34:50,0.02
10996,{storage-tp-10-112-11-213} (10.112.11.213) [EdgeCore_AS7712-32X] @Rack_L16  [TP-GF],20-03-2024 00:35:50,0.02
10996,{storage-tp-10-112-11-213} (10.112.11.213) [EdgeCore_AS7712-32X] @Rack_L16  [TP-GF],20-03-2024 00:36:50,0.02
10996,{storage-tp-10-112-11-213} (10.112.11.213) [EdgeCore_AS7712-32X] @Rack_L16  [TP-GF],20-03-2024 00:37:50,0.02
10996,{storage-tp-10-112-11-213} (10.112.11.213) [EdgeCore_AS7712-32X] @Rack_L16  [TP-GF],20-03-2024 00:38:50,0.02
10996,{storage-tp-10-112-11-213} (10.112.11.213) [EdgeCore_AS7712-32X] @Rack_L16  [TP-GF],20-03-2024 00:39:50,0.02
10996,{storage-tp-10-112-11-213} (10.112.11.213) [EdgeCore_AS7712-32X] @Rack_L16  [TP-GF],20-03-2024 00:40:50,0.02
10996,{storage-tp-10-112-11-213} (10.112.11.213) [EdgeCore_AS7712-32X] @Rack_L16  [TP-GF],20-03-2024 00:41:50,0.02
10996,{storage-tp-10-112-11-213} (10.112.11.213) [EdgeCore_AS7712-32X] @Rack_L16  [TP-GF],20-03-2024 00:42:50,0.02
10996,{storage-tp-10-112-11-213} (10.112.11.213) [EdgeCore_AS7712-32X] @Rack_L16  [TP-GF],20-03-2024 00:43:50,0.02
10996,{storage-tp-10-112-11-213} (10.112.11.213) [EdgeCore_AS7712-32X] @Rack_L16  [TP-GF],20-03-2024 00:44:50,0.02
10996,{storage-tp-10-112-11-213} (10.112.11.213) [EdgeCore_AS7712-32X] @Rack_L16  [TP-GF],20-03-2024 00:45:50,0.02
10996,{storage-tp-10-112-11-213} (10.112.11.213) [EdgeCore_AS7712-32X] @Rack_L16  [TP-GF],20-03-2024 00:46:50,0.02
10996,{storage-tp-10-112-11-213} (10.112.11.213) [EdgeCore_AS7712-32X] @Rack_L16  [TP-GF],20-03-2024 00:47:50,0.02
10996,{storage-tp-10-112-11-213} (10.112.11.213) [EdgeCore_AS7712-32X] @Rack_L16  [TP-GF],20-03-2024 00:48:50,0.02
10996,{storage-tp-10-112-11-213} (10.112.11.213) [EdgeCore_AS7712-32X] @Rack_L16  [TP-GF],20-03-2024 00:49:50,0.02
10996,{storage-tp-10-112-11-213} (10.112.11.213) [EdgeCore_AS7712-32X] @Rack_L16  [TP-GF],20-03-2024 00:50:50,0.02
10996,{storage-tp-10-112-11-213} (10.112.11.213) [EdgeCore_AS7712-32X] @Rack_L16  [TP-GF],20-03-2024 00:51:50,0.02
10996,{storage-tp-10-112-11-213} (10.112.11.213) [EdgeCore_AS7712-32X] @Rack_L16  [TP-GF],20-03-2024 00:52:50,0.02
10996,{storage-tp-10-112-11-213} (10.112.11.213) [EdgeCore_AS7712-32X] @Rack_L16  [TP-GF],20-03-2024 00:53:50,0.02
10996,{storage-tp-10-112-11-213} (10.112.11.213) [EdgeCore_AS7712-32X] @Rack_L16  [TP-GF],20-03-2024 00:54:50,0.02
10996,{storage-tp-10-112-11-213} (10.112.11.213) [EdgeCore_AS7712-32X] @Rack_L16  [TP-GF],20-03-2024 00:55:50,0.02
10996,{storage-tp-10-112-11-213} (10.112.11.213) [EdgeCore_AS7712-32X] @Rack_L16  [TP-GF],20-03-2024 00:56:50,0.02
10996,{storage-tp-10-112-11-213} (10.112.11.213) [EdgeCore_AS7712-32X] @Rack_L16  [TP-GF],20-03-2024 00:57:50,0.02
10996,{storage-tp-10-112-11-213} (10.112.11.213) [EdgeCore_AS7712-32X] @Rack_L16  [TP-GF],20-03-2024 00:58:50,0.02
10996,{storage-tp-10-112-11-213} (10.112.11.213) [EdgeCore_AS7712-32X] @Rack_L16  [TP-GF],20-03-2024 00:59:50,0.02
10996,{storage-tp-10-112-11-213} (10.112.11.213) [EdgeCore_AS7712-32X] @Rack_L16  [TP-GF],20-03-2024 01:00:50,0.02
10996,{storage-tp-10-112-11-213} (10.112.11.213) [EdgeCore_AS7712-32X] @Rack_L16  [TP-GF],20-03-2024 01:01:50,0.02
10996,{storage-tp-10-112-11-213} (10.112.11.213) [EdgeCore_AS7712-32X] @Rack_L16  [TP-GF],20-03-2024 01:02:50,0.02
10996,{storage-tp-10-112-11-213} (10.112.11.213) [EdgeCore_AS7712-32X] @Rack_L16  [TP-GF],20-03-2024 01:03:50,0.02
10996,{storage-tp-10-112-11-213} (10.112.11.213) [EdgeCore_AS7712-32X] @Rack_L16  [TP-GF],20-03-2024 01:04:50,0.02
10996,{storage-tp-10-112-11-213} (10.112.11.213) [EdgeCore_AS7712-32X] @Rack_L16  [TP-GF],20-03-2024 01:05:50,0.02
10996,{storage-tp-10-112-11-213} (10.112.11.213) [EdgeCore_AS7712-32X] @Rack_L16  [TP-GF],20-03-2024 01:06:50,0.02
10996,{storage-tp-10-112-11-213} (10.112.11.213) [EdgeCore_AS7712-32X] @Rack_L16  [TP-GF],20-03-2024 01:07:50,0.02
10996,{storage-tp-10-112-11-213} (10.112.11.213) [EdgeCore_AS7712-32X] @Rack_L16  [TP-GF],20-03-2024 01:08:50,0.02
10996,{storage-tp-10-112-11-213} (10.112.11.213) [EdgeCore_AS7712-32X] @Rack_L16  [TP-GF],20-03-2024 01:09:50,0.02
10996,{storage-tp-10-112-11-213} (10.112.11.213) [EdgeCore_AS7712-32X] @Rack_L16  [TP-GF],20-03-2024 01:10:50,0.02
10996,{storage-tp-10-112-11-213} (10.112.11.213) [EdgeCore_AS7712-32X] @Rack_L16  [TP-GF],20-03-2024 01:11:50,0.02
10996,{storage-tp-10-112-11-213} (10.112.11.213) [EdgeCore_AS7712-32X] @Rack_L16  [TP-GF],20-03-2024 01:12:50,0.02
10996,{storage-tp-10-112-11-213} (10.112.11.213) [EdgeCore_AS7712-32X] @Rack_L16  [TP-GF],20-03-2024 01:13:50,0.02
10996,{storage-tp-10-112-11-213} (10.112.11.213) [EdgeCore_AS7712-32X] @Rack_L16  [TP-GF],20-03-2024 01:14:50,0.02
10996,{storage-tp-10-112-11-213} (10.112.11.213) [EdgeCore_AS7712-32X] @Rack_L16  [TP-GF],20-03-2024 01:15:50,0.02
10996,{storage-tp-10-112-11-213} (10.112.11.213) [EdgeCore_AS7712-32X] @Rack_L16  [TP-GF],20-03-2024 01:16:50,0.02
10996,{storage-tp-10-112-11-213} (10.112.11.213) [EdgeCore_AS7712-32X] @Rack_L16  [TP-GF],20-03-2024 01:17:50,0.02
10996,{storage-tp-10-112-11-213} (10.112.11.213) [EdgeCore_AS7712-32X] @Rack_L16  [TP-GF],20-03-2024 01:18:50,0.02
10996,{storage-tp-10-112-11-213} (10.112.11.213) [EdgeCore_AS7712-32X] @Rack_L16  [TP-GF],20-03-2024 01:19:50,0.02
10996,{storage-tp-10-112-11-213} (10.112.11.213) [EdgeCore_AS7712-32X] @Rack_L16  [TP-GF],20-03-2024 01:20:50,0.02
10996,{storage-tp-10-112-11-213} (10.112.11.213) [EdgeCore_AS7712-32X] @Rack_L16  [TP-GF],20-03-2024 01:21:50,0.02
10996,{storage-tp-10-112-11-213} (10.112.11.213) [EdgeCore_AS7712-32X] @Rack_L16  [TP-GF],20-03-2024 01:22:50,0.02
10996,{storage-tp-10-112-11-213} (10.112.11.213) [EdgeCore_AS7712-32X] @Rack_L16  [TP-GF],20-03-2024 01:23:50,0.02
10996,{storage-tp-10-112-11-213} (10.112.11.213) [EdgeCore_AS7712-32X] @Rack_L16  [TP-GF],20-03-2024 01:24:50,0.02
10996,{storage-tp-10-112-11-213} (10.112.11.213) [EdgeCore_AS7712-32X] @Rack_L16  [TP-GF],20-03-2024 01:25:50,0.02
10996,{storage-tp-10-112-11-213} (10.112.11.213) [EdgeCore_AS7712-32X] @Rack_L16  [TP-GF],20-03-2024 01:26:50,0.02
10996,{storage-tp-10-112-11-213} (10.112.11.213) [EdgeCore_AS7712-32X] @Rack_L16  [TP-GF],20-03-2024 01:27:50,0.02
10996,{storage-tp-10-112-11-213} (10.112.11.213) [EdgeCore_AS7712-32X] @Rack_L16  [TP-GF],20-03-2024 01:28:50,0.02
10996,{storage-tp-10-112-11-213} (10.112.11.213) [EdgeCore_AS7712-32X] @Rack_L16  [TP-GF],20-03-2024 01:29:50,0.02
10996,{storage-tp-10-112-11-213} (10.112.11.213) [EdgeCore_AS7712-32X] @Rack_L16  [TP-GF],20-03-2024 01:30:50,0.02
10996,{storage-tp-10-112-11-213} (10.112.11.213) [EdgeCore_AS7712-32X] @Rack_L16  [TP-GF],20-03-2024 01:31:50,0.02
10996,{storage-tp-10-112-11-213} (10.112.11.213) [EdgeCore_AS7712-32X] @Rack_L16  [TP-GF],20-03-2024 01:32:50,0.02
10996,{storage-tp-10-112-11-213} (10.112.11.213) [EdgeCore_AS7712-32X] @Rack_L16  [TP-GF],20-03-2024 01:33:50,0.02
10996,{storage-tp-10-112-11-213} (10.112.11.213) [EdgeCore_AS7712-32X] @Rack_L16  [TP-GF],20-03-2024 01:34:50,0.02
10996,{storage-tp-10-112-11-213} (10.112.11.213) [EdgeCore_AS7712-32X] @Rack_L16  [TP-GF],20-03-2024 01:35:50,0.02
10996,{storage-tp-10-112-11-213} (10.112.11.213) [EdgeCore_AS7712-32X] @Rack_L16  [TP-GF],20-03-2024 01:36:50,0.02
10996,{storage-tp-10-112-11-213} (10.112.11.213) [EdgeCore_AS7712-32X] @Rack_L16  [TP-GF],20-03-2024 01:37:50,0.02
10996,{storage-tp-10-112-11-213} (10.112.11.213) [EdgeCore_AS7712-32X] @Rack_L16  [TP-GF],20-03-2024 01:38:50,0.02
10996,{storage-tp-10-112-11-213} (10.112.11.213) [EdgeCore_AS7712-32X] @Rack_L16  [TP-GF],20-03-2024 01:39:50,0.02
10996,{storage-tp-10-112-11-213} (10.112.11.213) [EdgeCore_AS7712-32X] @Rack_L16  [TP-GF],20-03-2024 01:40:50,0.02
10996,{storage-tp-10-112-11-213} (10.112.11.213) [EdgeCore_AS7712-32X] @Rack_L16  [TP-GF],20-03-2024 01:41:50,0.02
10996,{storage-tp-10-112-11-213} (10.112.11.213) [EdgeCore_AS7712-32X] @Rack_L16  [TP-GF],20-03-2024 01:42:50,0.02
10996,{storage-tp-10-112-11-213} (10.112.11.213) [EdgeCore_AS7712-32X] @Rack_L16  [TP-GF],20-03-2024 01:43:50,0.02
10996,{storage-tp-10-112-11-213} (10.112.11.213) [EdgeCore_AS7712-32X] @Rack_L16  [TP-GF],20-03-2024 01:44:50,0.02
10996,{storage-tp-10-112-11-213} (10.112.11.213) [EdgeCore_AS7712-32X] @Rack_L16  [TP-GF],20-03-2024 01:45:50,0.02
10996,{storage-tp-10-112-11-213} (10.112.11.213) [EdgeCore_AS7712-32X] @Rack_L16  [TP-GF],20-03-2024 01:46:50,0.02
10996,{storage-tp-10-112-11-213} (10.112.11.213) [EdgeCore_AS7712-32X] @Rack_L16  [TP-GF],20-03-2024 01:47:50,0.02
10996,{storage-tp-10-112-11-213} (10.112.11.213) [EdgeCore_AS7712-32X] @Rack_L16  [TP-GF],20-03-2024 01:48:50,0.02
10996,{storage-tp-10-112-11-213} (10.112.11.213) [EdgeCore_AS7712-32X] @Rack_L16  [TP-GF],20-03-2024 01:49:50,0.02
10996,{storage-tp-10-112-11-213} (10.112.11.213) [EdgeCore_AS7712-32X] @Rack_L16  [TP-GF],20-03-2024 01:50:50,0.02
10996,{storage-tp-10-112-11-213} (10.112.11.213) [EdgeCore_AS7712-32X] @Rack_L16  [TP-GF],20-03-2024 01:51:50,0.02
10996,{storage-tp-10-112-11-213} (10.112.11.213) [EdgeCore_AS7712-32X] @Rack_L16  [TP-GF],20-03-2024 01:52:50,0.02
10996,{storage-tp-10-112-11-213} (10.112.11.213) [EdgeCore_AS7712-32X] @Rack_L16  [TP-GF],20-03-2024 01:53:50,0.02
10996,{storage-tp-10-112-11-213} (10.112.11.213) [EdgeCore_AS7712-32X] @Rack_L16  [TP-GF],20-03-2024 01:54:50,0.02
10996,{storage-tp-10-112-11-213} (10.112.11.213) [EdgeCore_AS7712-32X] @Rack_L16  [TP-GF],20-03-2024 01:55:50,0.02
10996,{storage-tp-10-112-11-213} (10.112.11.213) [EdgeCore_AS7712-32X] @Rack_L16  [TP-GF],20-03-2024 01:56:50,0.02
10996,{storage-tp-10-112-11-213} (10.112.11.213) [EdgeCore_AS7712-32X] @Rack_L16  [TP-GF],20-03-2024 01:57:50,0.02
10996,{storage-tp-10-112-11-213} (10.112.11.213) [EdgeCore_AS7712-32X] @Rack_L16  [TP-GF],20-03-2024 01:58:50,0.02
10996,{storage-tp-10-112-11-213} (10.112.11.213) [EdgeCore_AS7712-32X] @Rack_L16  [TP-GF],20-03-2024 01:59:50,0.02
10996,{storage-tp-10-112-11-213} (10.112.11.213) [EdgeCore_AS7712-32X] @Rack_L16  [TP-GF],20-03-2024 02:00:50,0.02
10996,{storage-tp-10-112-11-213} (10.112.11.213) [EdgeCore_AS7712-32X] @Rack_L16  [TP-GF],20-03-2024 02:01:50,0.02
10996,{storage-tp-10-112-11-213} (10.112.11.213) [EdgeCore_AS7712-32X] @Rack_L16  [TP-GF],20-03-2024 02:02:50,0.02
10996,{storage-tp-10-112-11-213} (10.112.11.213) [EdgeCore_AS7712-32X] @Rack_L16  [TP-GF],20-03-2024 02:03:50,0.02
10996,{storage-tp-10-112-11-213} (10.112.11.213) [EdgeCore_AS7712-32X] @Rack_L16  [TP-GF],20-03-2024 02:04:50,0.02
10996,{storage-tp-10-112-11-213} (10.112.11.213) [EdgeCore_AS7712-32X] @Rack_L16  [TP-GF],20-03-2024 02:05:50,0.02
10996,{storage-tp-10-112-11-213} (10.112.11.213) [EdgeCore_AS7712-32X] @Rack_L16  [TP-GF],20-03-2024 02:06:50,0.02
10996,{storage-tp-10-112-11-213} (10.112.11.213) [EdgeCore_AS7712-32X] @Rack_L16  [TP-GF],20-03-2024 02:07:50,0.02
10996,{storage-tp-10-112-11-213} (10.112.11.213) [EdgeCore_AS7712-32X] @Rack_L16  [TP-GF],20-03-2024 02:08:50,0.02
10996,{storage-tp-10-112-11-213} (10.112.11.213) [EdgeCore_AS7712-32X] @Rack_L16  [TP-GF],20-03-2024 02:09:50,0.02
10996,{storage-tp-10-112-11-213} (10.112.11.213) [EdgeCore_AS7712-32X] @Rack_L16  [TP-GF],20-03-2024 02:10:50,0.02
10996,{storage-tp-10-112-11-213} (10.112.11.213) [EdgeCore_AS7712-32X] @Rack_L16  [TP-GF],20-03-2024 02:11:50,0.02
10996,{storage-tp-10-112-11-213} (10.112.11.213) [EdgeCore_AS7712-32X] @Rack_L16  [TP-GF],20-03-2024 02:12:50,0.02
10996,{storage-tp-10-112-11-213} (10.112.11.213) [EdgeCore_AS7712-32X] @Rack_L16  [TP-GF],20-03-2024 02:13:50,0.02
10996,{storage-tp-10-112-11-213} (10.112.11.213) [EdgeCore_AS7712-32X] @Rack_L16  [TP-GF],20-03-2024 02:14:50,0.02
10996,{storage-tp-10-112-11-213} (10.112.11.213) [EdgeCore_AS7712-32X] @Rack_L16  [TP-GF],20-03-2024 02:15:50,0.02
10996,{storage-tp-10-112-11-213} (10.112.11.213) [EdgeCore_AS7712-32X] @Rack_L16  [TP-GF],20-03-2024 02:16:50,0.02
10996,{storage-tp-10-112-11-213} (10.112.11.213) [EdgeCore_AS7712-32X] @Rack_L16  [TP-GF],20-03-2024 02:17:50,0.02
10996,{storage-tp-10-112-11-213} (10.112.11.213) [EdgeCore_AS7712-32X] @Rack_L16  [TP-GF],20-03-2024 02:18:50,0.02
10996,{storage-tp-10-112-11-213} (10.112.11.213) [EdgeCore_AS7712-32X] @Rack_L16  [TP-GF],20-03-2024 02:19:50,0.02
10996,{storage-tp-10-112-11-213} (10.112.11.213) [EdgeCore_AS7712-32X] @Rack_L16  [TP-GF],20-03-2024 02:20:50,0.02
10996,{storage-tp-10-112-11-213} (10.112.11.213) [EdgeCore_AS7712-32X] @Rack_L16  [TP-GF],20-03-2024 02:21:50,0.02
10996,{storage-tp-10-112-11-213} (10.112.11.213) [EdgeCore_AS7712-32X] @Rack_L16  [TP-GF],20-03-2024 02:22:50,0.02
10996,{storage-tp-10-112-11-213} (10.112.11.213) [EdgeCore_AS7712-32X] @Rack_L16  [TP-GF],20-03-2024 02:23:50,0.02
10996,{storage-tp-10-112-11-213} (10.112.11.213) [EdgeCore_AS7712-32X] @Rack_L16  [TP-GF],20-03-2024 02:24:50,0.02
10996,{storage-tp-10-112-11-213} (10.112.11.213) [EdgeCore_AS7712-32X] @Rack_L16  [TP-GF],20-03-2024 02:25:50,0.02
10996,{storage-tp-10-112-11-213} (10.112.11.213) [EdgeCore_AS7712-32X] @Rack_L16  [TP-GF],20-03-2024 02:26:50,0.02
10996,{storage-tp-10-112-11-213} (10.112.11.213) [EdgeCore_AS7712-32X] @Rack_L16  [TP-GF],20-03-2024 02:27:50,0.02
10996,{storage-tp-10-112-11-213} (10.112.11.213) [EdgeCore_AS7712-32X] @Rack_L16  [TP-GF],20-03-2024 02:28:50,0.02
10996,{storage-tp-10-112-11-213} (10.112.11.213) [EdgeCore_AS7712-32X] @Rack_L16  [TP-GF],20-03-2024 02:29:50,0.02
10996,{storage-tp-10-112-11-213} (10.112.11.213) [EdgeCore_AS7712-32X] @Rack_L16  [TP-GF],20-03-2024 02:30:50,0.02
10996,{storage-tp-10-112-11-213} (10.112.11.213) [EdgeCore_AS7712-32X] @Rack_L16  [TP-GF],20-03-2024 02:31:50,0.02
10996,{storage-tp-10-112-11-213} (10.112.11.213) [EdgeCore_AS7712-32X] @Rack_L16  [TP-GF],20-03-2024 02:32:50,0.02
10996,{storage-tp-10-112-11-213} (10.112.11.213) [EdgeCore_AS7712-32X] @Rack_L16  [TP-GF],20-03-2024 02:33:50,0.02
10996,{storage-tp-10-112-11-213} (10.112.11.213) [EdgeCore_AS7712-32X] @Rack_L16  [TP-GF],20-03-2024 02:34:50,0.02
10996,{storage-tp-10-112-11-213} (10.112.11.213) [EdgeCore_AS7712-32X] @Rack_L16  [TP-GF],20-03-2024 02:35:50,0.02
10996,{storage-tp-10-112-11-213} (10.112.11.213) [EdgeCore_AS7712-32X] @Rack_L16  [TP-GF],20-03-2024 02:36:50,0.02
10996,{storage-tp-10-112-11-213} (10.112.11.213) [EdgeCore_AS7712-32X] @Rack_L16  [TP-GF],20-03-2024 02:37:50,0.02
10996,{storage-tp-10-112-11-213} (10.112.11.213) [EdgeCore_AS7712-32X] @Rack_L16  [TP-GF],20-03-2024 02:38:50,0.02
10996,{storage-tp-10-112-11-213} (10.112.11.213) [EdgeCore_AS7712-32X] @Rack_L16  [TP-GF],20-03-2024 02:39:50,0.02
10996,{storage-tp-10-112-11-213} (10.112.11.213) [EdgeCore_AS7712-32X] @Rack_L16  [TP-GF],20-03-2024 02:40:50,0.02
10996,{storage-tp-10-112-11-213} (10.112.11.213) [EdgeCore_AS7712-32X] @Rack_L16  [TP-GF],20-03-2024 02:41:50,0.02
10996,{storage-tp-10-112-11-213} (10.112.11.213) [EdgeCore_AS7712-32X] @Rack_L16  [TP-GF],20-03-2024 02:42:50,0.02
10996,{storage-tp-10-112-11-213} (10.112.11.213) [EdgeCore_AS7712-32X] @Rack_L16  [TP-GF],20-03-2024 02:43:49,0.02
10996,{storage-tp-10-112-11-213} (10.112.11.213) [EdgeCore_AS7712-32X] @Rack_L16  [TP-GF],20-03-2024 02:44:50,0.02
10996,{storage-tp-10-112-11-213} (10.112.11.213) [EdgeCore_AS7712-32X] @Rack_L16  [TP-GF],20-03-2024 02:45:50,0.02
10996,{storage-tp-10-112-11-213} (10.112.11.213) [EdgeCore_AS7712-32X] @Rack_L16  [TP-GF],20-03-2024 02:46:50,0.02
10996,{storage-tp-10-112-11-213} (10.112.11.213) [EdgeCore_AS7712-32X] @Rack_L16  [TP-GF],20-03-2024 02:47:50,0.02
10996,{storage-tp-10-112-11-213} (10.112.11.213) [EdgeCore_AS7712-32X] @Rack_L16  [TP-GF],20-03-2024 02:48:50,0.02
10996,{storage-tp-10-112-11-213} (10.112.11.213) [EdgeCore_AS7712-32X] @Rack_L16  [TP-GF],20-03-2024 02:49:50,0.02
10996,{storage-tp-10-112-11-213} (10.112.11.213) [EdgeCore_AS7712-32X] @Rack_L16  [TP-GF],20-03-2024 02:50:50,0.02
10996,{storage-tp-10-112-11-213} (10.112.11.213) [EdgeCore_AS7712-32X] @Rack_L16  [TP-GF],20-03-2024 02:51:50,0.02
10996,{storage-tp-10-112-11-213} (10.112.11.213) [EdgeCore_AS7712-32X] @Rack_L16  [TP-GF],20-03-2024 02:52:50,0.02
10996,{storage-tp-10-112-11-213} (10.112.11.213) [EdgeCore_AS7712-32X] @Rack_L16  [TP-GF],20-03-2024 02:53:50,0.02
10996,{storage-tp-10-112-11-213} (10.112.11.213) [EdgeCore_AS7712-32X] @Rack_L16  [TP-GF],20-03-2024 02:54:50,0.02
10996,{storage-tp-10-112-11-213} (10.112.11.213) [EdgeCore_AS7712-32X] @Rack_L16  [TP-GF],20-03-2024 02:55:50,0.02
10996,{storage-tp-10-112-11-213} (10.112.11.213) [EdgeCore_AS7712-32X] @Rack_L16  [TP-GF],20-03-2024 02:56:50,0.02
10996,{storage-tp-10-112-11-213} (10.112.11.213) [EdgeCore_AS7712-32X] @Rack_L16  [TP-GF],20-03-2024 02:57:50,0.02
10996,{storage-tp-10-112-11-213} (10.112.11.213) [EdgeCore_AS7712-32X] @Rack_L16  [TP-GF],20-03-2024 02:58:50,0.02
10996,{storage-tp-10-112-11-213} (10.112.11.213) [EdgeCore_AS7712-32X] @Rack_L16  [TP-GF],20-03-2024 02:59:50,0.02
10996,{storage-tp-10-112-11-213} (10.112.11.213) [EdgeCore_AS7712-32X] @Rack_L16  [TP-GF],20-03-2024 03:00:50,0.02
10996,{storage-tp-10-112-11-213} (10.112.11.213) [EdgeCore_AS7712-32X] @Rack_L16  [TP-GF],20-03-2024 03:01:50,0.02
10996,{storage-tp-10-112-11-213} (10.112.11.213) [EdgeCore_AS7712-32X] @Rack_L16  [TP-GF],20-03-2024 03:02:50,0.02
10996,{storage-tp-10-112-11-213} (10.112.11.213) [EdgeCore_AS7712-32X] @Rack_L16  [TP-GF],20-03-2024 03:03:50,0.02
10996,{storage-tp-10-112-11-213} (10.112.11.213) [EdgeCore_AS7712-32X] @Rack_L16  [TP-GF],20-03-2024 03:04:50,0.02
10996,{storage-tp-10-112-11-213} (10.112.11.213) [EdgeCore_AS7712-32X] @Rack_L16  [TP-GF],20-03-2024 03:05:50,0.02
10996,{storage-tp-10-112-11-213} (10.112.11.213) [EdgeCore_AS7712-32X] @Rack_L16  [TP-GF],20-03-2024 03:06:50,0.02
10996,{storage-tp-10-112-11-213} (10.112.11.213) [EdgeCore_AS7712-32X] @Rack_L16  [TP-GF],20-03-2024 03:07:50,0.02
10996,{storage-tp-10-112-11-213} (10.112.11.213) [EdgeCore_AS7712-32X] @Rack_L16  [TP-GF],20-03-2024 03:08:50,0.02
10996,{storage-tp-10-112-11-213} (10.112.11.213) [EdgeCore_AS7712-32X] @Rack_L16  [TP-GF],20-03-2024 03:09:50,0.02
10996,{storage-tp-10-112-11-213} (10.112.11.213) [EdgeCore_AS7712-32X] @Rack_L16  [TP-GF],20-03-2024 03:10:50,0.02
10996,{storage-tp-10-112-11-213} (10.112.11.213) [EdgeCore_AS7712-32X] @Rack_L16  [TP-GF],20-03-2024 03:11:50,0.02
10996,{storage-tp-10-112-11-213} (10.112.11.213) [EdgeCore_AS7712-32X] @Rack_L16  [TP-GF],20-03-2024 03:12:50,0.02
10996,{storage-tp-10-112-11-213} (10.112.11.213) [EdgeCore_AS7712-32X] @Rack_L16  [TP-GF],20-03-2024 03:13:50,0.02
10996,{storage-tp-10-112-11-213} (10.112.11.213) [EdgeCore_AS7712-32X] @Rack_L16  [TP-GF],20-03-2024 03:14:50,0.02
10996,{storage-tp-10-112-11-213} (10.112.11.213) [EdgeCore_AS7712-32X] @Rack_L16  [TP-GF],20-03-2024 03:15:50,0.02
10996,{storage-tp-10-112-11-213} (10.112.11.213) [EdgeCore_AS7712-32X] @Rack_L16  [TP-GF],20-03-2024 03:16:50,0.02
10996,{storage-tp-10-112-11-213} (10.112.11.213) [EdgeCore_AS7712-32X] @Rack_L16  [TP-GF],20-03-2024 03:17:50,0.02
10996,{storage-tp-10-112-11-213} (10.112.11.213) [EdgeCore_AS7712-32X] @Rack_L16  [TP-GF],20-03-2024 03:18:50,0.02
10996,{storage-tp-10-112-11-213} (10.112.11.213) [EdgeCore_AS7712-32X] @Rack_L16  [TP-GF],20-03-2024 03:19:50,0.02
10996,{storage-tp-10-112-11-213} (10.112.11.213) [EdgeCore_AS7712-32X] @Rack_L16  [TP-GF],20-03-2024 03:20:50,0.02
10996,{storage-tp-10-112-11-213} (10.112.11.213) [EdgeCore_AS7712-32X] @Rack_L16  [TP-GF],20-03-2024 03:21:50,0.02
10996,{storage-tp-10-112-11-213} (10.112.11.213) [EdgeCore_AS7712-32X] @Rack_L16  [TP-GF],20-03-2024 03:22:50,0.02
10996,{storage-tp-10-112-11-213} (10.112.11.213) [EdgeCore_AS7712-32X] @Rack_L16  [TP-GF],20-03-2024 03:23:50,0.02
10996,{storage-tp-10-112-11-213} (10.112.11.213) [EdgeCore_AS7712-32X] @Rack_L16  [TP-GF],20-03-2024 03:24:50,0.02
10996,{storage-tp-10-112-11-213} (10.112.11.213) [EdgeCore_AS7712-32X] @Rack_L16  [TP-GF],20-03-2024 03:25:50,0.02
10996,{storage-tp-10-112-11-213} (10.112.11.213) [EdgeCore_AS7712-32X] @Rack_L16  [TP-GF],20-03-2024 03:26:50,0.02
10996,{storage-tp-10-112-11-213} (10.112.11.213) [EdgeCore_AS7712-32X] @Rack_L16  [TP-GF],20-03-2024 03:27:50,0.02
10996,{storage-tp-10-112-11-213} (10.112.11.213) [EdgeCore_AS7712-32X] @Rack_L16  [TP-GF],20-03-2024 03:28:50,0.02
10996,{storage-tp-10-112-11-213} (10.112.11.213) [EdgeCore_AS7712-32X] @Rack_L16  [TP-GF],20-03-2024 03:29:50,0.02
10996,{storage-tp-10-112-11-213} (10.112.11.213) [EdgeCore_AS7712-32X] @Rack_L16  [TP-GF],20-03-2024 03:30:50,0.02
10996,{storage-tp-10-112-11-213} (10.112.11.213) [EdgeCore_AS7712-32X] @Rack_L16  [TP-GF],20-03-2024 03:31:50,0.02
10996,{storage-tp-10-112-11-213} (10.112.11.213) [EdgeCore_AS7712-32X] @Rack_L16  [TP-GF],20-03-2024 03:32:50,0.02
10996,{storage-tp-10-112-11-213} (10.112.11.213) [EdgeCore_AS7712-32X] @Rack_L16  [TP-GF],20-03-2024 03:33:50,0.02
10996,{storage-tp-10-112-11-213} (10.112.11.213) [EdgeCore_AS7712-32X] @Rack_L16  [TP-GF],20-03-2024 03:34:50,0.02
10996,{storage-tp-10-112-11-213} (10.112.11.213) [EdgeCore_AS7712-32X] @Rack_L16  [TP-GF],20-03-2024 03:35:50,0.02
10996,{storage-tp-10-112-11-213} (10.112.11.213) [EdgeCore_AS7712-32X] @Rack_L16  [TP-GF],20-03-2024 03:36:50,0.02
10996,{storage-tp-10-112-11-213} (10.112.11.213) [EdgeCore_AS7712-32X] @Rack_L16  [TP-GF],20-03-2024 03:37:50,0.02
10996,{storage-tp-10-112-11-213} (10.112.11.213) [EdgeCore_AS7712-32X] @Rack_L16  [TP-GF],20-03-2024 03:38:50,0.02
10996,{storage-tp-10-112-11-213} (10.112.11.213) [EdgeCore_AS7712-32X] @Rack_L16  [TP-GF],20-03-2024 03:39:50,0.02
10996,{storage-tp-10-112-11-213} (10.112.11.213) [EdgeCore_AS7712-32X] @Rack_L16  [TP-GF],20-03-2024 03:40:50,0.02
10996,{storage-tp-10-112-11-213} (10.112.11.213) [EdgeCore_AS7712-32X] @Rack_L16  [TP-GF],20-03-2024 03:41:50,0.02
10996,{storage-tp-10-112-11-213} (10.112.11.213) [EdgeCore_AS7712-32X] @Rack_L16  [TP-GF],20-03-2024 03:42:50,0.02
10996,{storage-tp-10-112-11-213} (10.112.11.213) [EdgeCore_AS7712-32X] @Rack_L16  [TP-GF],20-03-2024 03:43:50,0.02
10996,{storage-tp-10-112-11-213} (10.112.11.213) [EdgeCore_AS7712-32X] @Rack_L16  [TP-GF],20-03-2024 03:44:50,0.02
10996,{storage-tp-10-112-11-213} (10.112.11.213) [EdgeCore_AS7712-32X] @Rack_L16  [TP-GF],20-03-2024 03:45:50,0.02
10996,{storage-tp-10-112-11-213} (10.112.11.213) [EdgeCore_AS7712-32X] @Rack_L16  [TP-GF],20-03-2024 03:46:50,0.02
10996,{storage-tp-10-112-11-213} (10.112.11.213) [EdgeCore_AS7712-32X] @Rack_L16  [TP-GF],20-03-2024 03:47:50,0.02
10996,{storage-tp-10-112-11-213} (10.112.11.213) [EdgeCore_AS7712-32X] @Rack_L16  [TP-GF],20-03-2024 03:48:50,0.02
10996,{storage-tp-10-112-11-213} (10.112.11.213) [EdgeCore_AS7712-32X] @Rack_L16  [TP-GF],20-03-2024 03:49:50,0.02
10996,{storage-tp-10-112-11-213} (10.112.11.213) [EdgeCore_AS7712-32X] @Rack_L16  [TP-GF],20-03-2024 03:50:50,0.02
10996,{storage-tp-10-112-11-213} (10.112.11.213) [EdgeCore_AS7712-32X] @Rack_L16  [TP-GF],20-03-2024 03:51:50,0.02
10996,{storage-tp-10-112-11-213} (10.112.11.213) [EdgeCore_AS7712-32X] @Rack_L16  [TP-GF],20-03-2024 03:52:50,0.02
10996,{storage-tp-10-112-11-213} (10.112.11.213) [EdgeCore_AS7712-32X] @Rack_L16  [TP-GF],20-03-2024 03:53:50,0.02
10996,{storage-tp-10-112-11-213} (10.112.11.213) [EdgeCore_AS7712-32X] @Rack_L16  [TP-GF],20-03-2024 03:54:50,0.02
10996,{storage-tp-10-112-11-213} (10.112.11.213) [EdgeCore_AS7712-32X] @Rack_L16  [TP-GF],20-03-2024 03:55:50,0.02
10996,{storage-tp-10-112-11-213} (10.112.11.213) [EdgeCore_AS7712-32X] @Rack_L16  [TP-GF],20-03-2024 03:56:50,0.02
10996,{storage-tp-10-112-11-213} (10.112.11.213) [EdgeCore_AS7712-32X] @Rack_L16  [TP-GF],20-03-2024 03:57:50,0.02
10996,{storage-tp-10-112-11-213} (10.112.11.213) [EdgeCore_AS7712-32X] @Rack_L16  [TP-GF],20-03-2024 03:58:50,0.02
10996,{storage-tp-10-112-11-213} (10.112.11.213) [EdgeCore_AS7712-32X] @Rack_L16  [TP-GF],20-03-2024 03:59:50,0.02
10996,{storage-tp-10-112-11-213} (10.112.11.213) [EdgeCore_AS7712-32X] @Rack_L16  [TP-GF],20-03-2024 04:00:50,0.02
10996,{storage-tp-10-112-11-213} (10.112.11.213) [EdgeCore_AS7712-32X] @Rack_L16  [TP-GF],20-03-2024 04:01:50,0.02
10996,{storage-tp-10-112-11-213} (10.112.11.213) [EdgeCore_AS7712-32X] @Rack_L16  [TP-GF],20-03-2024 04:02:50,0.02
10996,{storage-tp-10-112-11-213} (10.112.11.213) [EdgeCore_AS7712-32X] @Rack_L16  [TP-GF],20-03-2024 04:03:50,0.02
10996,{storage-tp-10-112-11-213} (10.112.11.213) [EdgeCore_AS7712-32X] @Rack_L16  [TP-GF],20-03-2024 04:04:50,0.02
10996,{storage-tp-10-112-11-213} (10.112.11.213) [EdgeCore_AS7712-32X] @Rack_L16  [TP-GF],20-03-2024 04:05:50,0.02
10996,{storage-tp-10-112-11-213} (10.112.11.213) [EdgeCore_AS7712-32X] @Rack_L16  [TP-GF],20-03-2024 04:06:50,0.02
10996,{storage-tp-10-112-11-213} (10.112.11.213) [EdgeCore_AS7712-32X] @Rack_L16  [TP-GF],20-03-2024 04:07:50,0.02
10996,{storage-tp-10-112-11-213} (10.112.11.213) [EdgeCore_AS7712-32X] @Rack_L16  [TP-GF],20-03-2024 04:08:50,0.02
10996,{storage-tp-10-112-11-213} (10.112.11.213) [EdgeCore_AS7712-32X] @Rack_L16  [TP-GF],20-03-2024 04:09:50,0.02
10996,{storage-tp-10-112-11-213} (10.112.11.213) [EdgeCore_AS7712-32X] @Rack_L16  [TP-GF],20-03-2024 04:10:50,0.02
10996,{storage-tp-10-112-11-213} (10.112.11.213) [EdgeCore_AS7712-32X] @Rack_L16  [TP-GF],20-03-2024 04:11:50,0.02
10996,{storage-tp-10-112-11-213} (10.112.11.213) [EdgeCore_AS7712-32X] @Rack_L16  [TP-GF],20-03-2024 04:12:50,0.02
10996,{storage-tp-10-112-11-213} (10.112.11.213) [EdgeCore_AS7712-32X] @Rack_L16  [TP-GF],20-03-2024 04:13:50,0.02
10996,{storage-tp-10-112-11-213} (10.112.11.213) [EdgeCore_AS7712-32X] @Rack_L16  [TP-GF],20-03-2024 04:14:50,0.02
10996,{storage-tp-10-112-11-213} (10.112.11.213) [EdgeCore_AS7712-32X] @Rack_L16  [TP-GF],20-03-2024 04:15:50,0.02
10996,{storage-tp-10-112-11-213} (10.112.11.213) [EdgeCore_AS7712-32X] @Rack_L16  [TP-GF],20-03-2024 04:16:50,0.02
10996,{storage-tp-10-112-11-213} (10.112.11.213) [EdgeCore_AS7712-32X] @Rack_L16  [TP-GF],20-03-2024 04:17:50,0.02
10996,{storage-tp-10-112-11-213} (10.112.11.213) [EdgeCore_AS7712-32X] @Rack_L16  [TP-GF],20-03-2024 04:18:50,0.02
10996,{storage-tp-10-112-11-213} (10.112.11.213) [EdgeCore_AS7712-32X] @Rack_L16  [TP-GF],20-03-2024 04:19:50,0.02
10996,{storage-tp-10-112-11-213} (10.112.11.213) [EdgeCore_AS7712-32X] @Rack_L16  [TP-GF],20-03-2024 04:20:50,0.02
10996,{storage-tp-10-112-11-213} (10.112.11.213) [EdgeCore_AS7712-32X] @Rack_L16  [TP-GF],20-03-2024 04:21:50,0.02
10996,{storage-tp-10-112-11-213} (10.112.11.213) [EdgeCore_AS7712-32X] @Rack_L16  [TP-GF],20-03-2024 04:22:50,0.02
10996,{storage-tp-10-112-11-213} (10.112.11.213) [EdgeCore_AS7712-32X] @Rack_L16  [TP-GF],20-03-2024 04:23:50,0.02
10996,{storage-tp-10-112-11-213} (10.112.11.213) [EdgeCore_AS7712-32X] @Rack_L16  [TP-GF],20-03-2024 04:24:50,0.02
10996,{storage-tp-10-112-11-213} (10.112.11.213) [EdgeCore_AS7712-32X] @Rack_L16  [TP-GF],20-03-2024 04:25:50,0.02
10996,{storage-tp-10-112-11-213} (10.112.11.213) [EdgeCore_AS7712-32X] @Rack_L16  [TP-GF],20-03-2024 04:26:50,0.02
10996,{storage-tp-10-112-11-213} (10.112.11.213) [EdgeCore_AS7712-32X] @Rack_L16  [TP-GF],20-03-2024 04:27:50,0.02
10996,{storage-tp-10-112-11-213} (10.112.11.213) [EdgeCore_AS7712-32X] @Rack_L16  [TP-GF],20-03-2024 04:28:50,0.02
10996,{storage-tp-10-112-11-213} (10.112.11.213) [EdgeCore_AS7712-32X] @Rack_L16  [TP-GF],20-03-2024 04:29:50,0.02
10996,{storage-tp-10-112-11-213} (10.112.11.213) [EdgeCore_AS7712-32X] @Rack_L16  [TP-GF],20-03-2024 04:30:50,0.02
10996,{storage-tp-10-112-11-213} (10.112.11.213) [EdgeCore_AS7712-32X] @Rack_L16  [TP-GF],20-03-2024 04:31:50,0.02
10996,{storage-tp-10-112-11-213} (10.112.11.213) [EdgeCore_AS7712-32X] @Rack_L16  [TP-GF],20-03-2024 04:32:50,0.02
10996,{storage-tp-10-112-11-213} (10.112.11.213) [EdgeCore_AS7712-32X] @Rack_L16  [TP-GF],20-03-2024 04:33:50,0.02
10996,{storage-tp-10-112-11-213} (10.112.11.213) [EdgeCore_AS7712-32X] @Rack_L16  [TP-GF],20-03-2024 04:34:50,0.02
10996,{storage-tp-10-112-11-213} (10.112.11.213) [EdgeCore_AS7712-32X] @Rack_L16  [TP-GF],20-03-2024 04:35:50,0.02
10996,{storage-tp-10-112-11-213} (10.112.11.213) [EdgeCore_AS7712-32X] @Rack_L16  [TP-GF],20-03-2024 04:36:50,0.02
10996,{storage-tp-10-112-11-213} (10.112.11.213) [EdgeCore_AS7712-32X] @Rack_L16  [TP-GF],20-03-2024 04:37:50,0.02
10996,{storage-tp-10-112-11-213} (10.112.11.213) [EdgeCore_AS7712-32X] @Rack_L16  [TP-GF],20-03-2024 04:38:50,0.02
10996,{storage-tp-10-112-11-213} (10.112.11.213) [EdgeCore_AS7712-32X] @Rack_L16  [TP-GF],20-03-2024 04:39:50,0.02
10996,{storage-tp-10-112-11-213} (10.112.11.213) [EdgeCore_AS7712-32X] @Rack_L16  [TP-GF],20-03-2024 04:40:50,0.02
10996,{storage-tp-10-112-11-213} (10.112.11.213) [EdgeCore_AS7712-32X] @Rack_L16  [TP-GF],20-03-2024 04:41:50,0.02
10996,{storage-tp-10-112-11-213} (10.112.11.213) [EdgeCore_AS7712-32X] @Rack_L16  [TP-GF],20-03-2024 04:42:50,0.02
10996,{storage-tp-10-112-11-213} (10.112.11.213) [EdgeCore_AS7712-32X] @Rack_L16  [TP-GF],20-03-2024 04:43:50,0.02
10996,{storage-tp-10-112-11-213} (10.112.11.213) [EdgeCore_AS7712-32X] @Rack_L16  [TP-GF],20-03-2024 04:44:50,0.02
10996,{storage-tp-10-112-11-213} (10.112.11.213) [EdgeCore_AS7712-32X] @Rack_L16  [TP-GF],20-03-2024 04:45:50,0.02
10996,{storage-tp-10-112-11-213} (10.112.11.213) [EdgeCore_AS7712-32X] @Rack_L16  [TP-GF],20-03-2024 04:46:50,0.02
10996,{storage-tp-10-112-11-213} (10.112.11.213) [EdgeCore_AS7712-32X] @Rack_L16  [TP-GF],20-03-2024 04:47:50,0.02
10996,{storage-tp-10-112-11-213} (10.112.11.213) [EdgeCore_AS7712-32X] @Rack_L16  [TP-GF],20-03-2024 04:48:50,0.02
10996,{storage-tp-10-112-11-213} (10.112.11.213) [EdgeCore_AS7712-32X] @Rack_L16  [TP-GF],20-03-2024 04:49:50,0.02
10996,{storage-tp-10-112-11-213} (10.112.11.213) [EdgeCore_AS7712-32X] @Rack_L16  [TP-GF],20-03-2024 04:50:50,0.02
10996,{storage-tp-10-112-11-213} (10.112.11.213) [EdgeCore_AS7712-32X] @Rack_L16  [TP-GF],20-03-2024 04:51:50,0.02
10996,{storage-tp-10-112-11-213} (10.112.11.213) [EdgeCore_AS7712-32X] @Rack_L16  [TP-GF],20-03-2024 04:52:50,0.02
10996,{storage-tp-10-112-11-213} (10.112.11.213) [EdgeCore_AS7712-32X] @Rack_L16  [TP-GF],20-03-2024 04:53:50,0.02
10996,{storage-tp-10-112-11-213} (10.112.11.213) [EdgeCore_AS7712-32X] @Rack_L16  [TP-GF],20-03-2024 04:54:50,0.02
10996,{storage-tp-10-112-11-213} (10.112.11.213) [EdgeCore_AS7712-32X] @Rack_L16  [TP-GF],20-03-2024 04:55:50,0.02
10996,{storage-tp-10-112-11-213} (10.112.11.213) [EdgeCore_AS7712-32X] @Rack_L16  [TP-GF],20-03-2024 04:56:50,0.02
10996,{storage-tp-10-112-11-213} (10.112.11.213) [EdgeCore_AS7712-32X] @Rack_L16  [TP-GF],20-03-2024 04:57:50,0.02
10996,{storage-tp-10-112-11-213} (10.112.11.213) [EdgeCore_AS7712-32X] @Rack_L16  [TP-GF],20-03-2024 04:58:50,0.02
10996,{storage-tp-10-112-11-213} (10.112.11.213) [EdgeCore_AS7712-32X] @Rack_L16  [TP-GF],20-03-2024 04:59:50,0.02
10996,{storage-tp-10-112-11-213} (10.112.11.213) [EdgeCore_AS7712-32X] @Rack_L16  [TP-GF],20-03-2024 05:00:50,0.02
10996,{storage-tp-10-112-11-213} (10.112.11.213) [EdgeCore_AS7712-32X] @Rack_L16  [TP-GF],20-03-2024 05:01:50,0.02
10996,{storage-tp-10-112-11-213} (10.112.11.213) [EdgeCore_AS7712-32X] @Rack_L16  [TP-GF],20-03-2024 05:02:50,0.02
10996,{storage-tp-10-112-11-213} (10.112.11.213) [EdgeCore_AS7712-32X] @Rack_L16  [TP-GF],20-03-2024 05:03:50,0.02
10996,{storage-tp-10-112-11-213} (10.112.11.213) [EdgeCore_AS7712-32X] @Rack_L16  [TP-GF],20-03-2024 05:04:50,0.02
10996,{storage-tp-10-112-11-213} (10.112.11.213) [EdgeCore_AS7712-32X] @Rack_L16  [TP-GF],20-03-2024 05:05:50,0.02
10996,{storage-tp-10-112-11-213} (10.112.11.213) [EdgeCore_AS7712-32X] @Rack_L16  [TP-GF],20-03-2024 05:06:50,0.02
10996,{storage-tp-10-112-11-213} (10.112.11.213) [EdgeCore_AS7712-32X] @Rack_L16  [TP-GF],20-03-2024 05:07:50,0.02
10996,{storage-tp-10-112-11-213} (10.112.11.213) [EdgeCore_AS7712-32X] @Rack_L16  [TP-GF],20-03-2024 05:08:50,0.02
10996,{storage-tp-10-112-11-213} (10.112.11.213) [EdgeCore_AS7712-32X] @Rack_L16  [TP-GF],20-03-2024 05:09:50,0.02
10996,{storage-tp-10-112-11-213} (10.112.11.213) [EdgeCore_AS7712-32X] @Rack_L16  [TP-GF],20-03-2024 05:10:50,0.02
10996,{storage-tp-10-112-11-213} (10.112.11.213) [EdgeCore_AS7712-32X] @Rack_L16  [TP-GF],20-03-2024 05:11:50,0.02
10996,{storage-tp-10-112-11-213} (10.112.11.213) [EdgeCore_AS7712-32X] @Rack_L16  [TP-GF],20-03-2024 05:12:50,0.02
10996,{storage-tp-10-112-11-213} (10.112.11.213) [EdgeCore_AS7712-32X] @Rack_L16  [TP-GF],20-03-2024 05:13:50,0.02
10996,{storage-tp-10-112-11-213} (10.112.11.213) [EdgeCore_AS7712-32X] @Rack_L16  [TP-GF],20-03-2024 05:14:50,0.02
10996,{storage-tp-10-112-11-213} (10.112.11.213) [EdgeCore_AS7712-32X] @Rack_L16  [TP-GF],20-03-2024 05:15:50,0.02
10996,{storage-tp-10-112-11-213} (10.112.11.213) [EdgeCore_AS7712-32X] @Rack_L16  [TP-GF],20-03-2024 05:16:50,0.02
10996,{storage-tp-10-112-11-213} (10.112.11.213) [EdgeCore_AS7712-32X] @Rack_L16  [TP-GF],20-03-2024 05:17:50,0.02
10996,{storage-tp-10-112-11-213} (10.112.11.213) [EdgeCore_AS7712-32X] @Rack_L16  [TP-GF],20-03-2024 05:18:50,0.02
10996,{storage-tp-10-112-11-213} (10.112.11.213) [EdgeCore_AS7712-32X] @Rack_L16  [TP-GF],20-03-2024 05:19:50,0.02
10996,{storage-tp-10-112-11-213} (10.112.11.213) [EdgeCore_AS7712-32X] @Rack_L16  [TP-GF],20-03-2024 05:20:50,0.02
10996,{storage-tp-10-112-11-213} (10.112.11.213) [EdgeCore_AS7712-32X] @Rack_L16  [TP-GF],20-03-2024 05:21:50,0.02
10996,{storage-tp-10-112-11-213} (10.112.11.213) [EdgeCore_AS7712-32X] @Rack_L16  [TP-GF],20-03-2024 05:22:50,0.02
10996,{storage-tp-10-112-11-213} (10.112.11.213) [EdgeCore_AS7712-32X] @Rack_L16  [TP-GF],20-03-2024 05:23:50,0.02
10996,{storage-tp-10-112-11-213} (10.112.11.213) [EdgeCore_AS7712-32X] @Rack_L16  [TP-GF],20-03-2024 05:24:50,0.02
10996,{storage-tp-10-112-11-213} (10.112.11.213) [EdgeCore_AS7712-32X] @Rack_L16  [TP-GF],20-03-2024 05:25:50,0.02
10996,{storage-tp-10-112-11-213} (10.112.11.213) [EdgeCore_AS7712-32X] @Rack_L16  [TP-GF],20-03-2024 05:26:50,0.02
10996,{storage-tp-10-112-11-213} (10.112.11.213) [EdgeCore_AS7712-32X] @Rack_L16  [TP-GF],20-03-2024 05:27:50,0.02
10996,{storage-tp-10-112-11-213} (10.112.11.213) [EdgeCore_AS7712-32X] @Rack_L16  [TP-GF],20-03-2024 05:28:50,0.02
10996,{storage-tp-10-112-11-213} (10.112.11.213) [EdgeCore_AS7712-32X] @Rack_L16  [TP-GF],20-03-2024 05:29:50,0.02
10996,{storage-tp-10-112-11-213} (10.112.11.213) [EdgeCore_AS7712-32X] @Rack_L16  [TP-GF],20-03-2024 05:30:50,0.02
10996,{storage-tp-10-112-11-213} (10.112.11.213) [EdgeCore_AS7712-32X] @Rack_L16  [TP-GF],20-03-2024 05:31:50,0.02
10996,{storage-tp-10-112-11-213} (10.112.11.213) [EdgeCore_AS7712-32X] @Rack_L16  [TP-GF],20-03-2024 05:32:50,0.02
10996,{storage-tp-10-112-11-213} (10.112.11.213) [EdgeCore_AS7712-32X] @Rack_L16  [TP-GF],20-03-2024 05:33:50,0.02
10996,{storage-tp-10-112-11-213} (10.112.11.213) [EdgeCore_AS7712-32X] @Rack_L16  [TP-GF],20-03-2024 05:34:50,0.02
10996,{storage-tp-10-112-11-213} (10.112.11.213) [EdgeCore_AS7712-32X] @Rack_L16  [TP-GF],20-03-2024 05:35:50,0.02
10996,{storage-tp-10-112-11-213} (10.112.11.213) [EdgeCore_AS7712-32X] @Rack_L16  [TP-GF],20-03-2024 05:36:50,0.02
10996,{storage-tp-10-112-11-213} (10.112.11.213) [EdgeCore_AS7712-32X] @Rack_L16  [TP-GF],20-03-2024 05:37:50,0.02
10996,{storage-tp-10-112-11-213} (10.112.11.213) [EdgeCore_AS7712-32X] @Rack_L16  [TP-GF],20-03-2024 05:38:50,0.02
10996,{storage-tp-10-112-11-213} (10.112.11.213) [EdgeCore_AS7712-32X] @Rack_L16  [TP-GF],20-03-2024 05:39:50,0.02
10996,{storage-tp-10-112-11-213} (10.112.11.213) [EdgeCore_AS7712-32X] @Rack_L16  [TP-GF],20-03-2024 05:40:50,0.02
10996,{storage-tp-10-112-11-213} (10.112.11.213) [EdgeCore_AS7712-32X] @Rack_L16  [TP-GF],20-03-2024 05:41:50,0.02
10996,{storage-tp-10-112-11-213} (10.112.11.213) [EdgeCore_AS7712-32X] @Rack_L16  [TP-GF],20-03-2024 05:42:50,0.02
10996,{storage-tp-10-112-11-213} (10.112.11.213) [EdgeCore_AS7712-32X] @Rack_L16  [TP-GF],20-03-2024 05:43:50,0.02
10996,{storage-tp-10-112-11-213} (10.112.11.213) [EdgeCore_AS7712-32X] @Rack_L16  [TP-GF],20-03-2024 05:44:50,0.02
10996,{storage-tp-10-112-11-213} (10.112.11.213) [EdgeCore_AS7712-32X] @Rack_L16  [TP-GF],20-03-2024 05:45:50,0.02
10996,{storage-tp-10-112-11-213} (10.112.11.213) [EdgeCore_AS7712-32X] @Rack_L16  [TP-GF],20-03-2024 05:46:50,0.02
10996,{storage-tp-10-112-11-213} (10.112.11.213) [EdgeCore_AS7712-32X] @Rack_L16  [TP-GF],20-03-2024 05:47:50,0.02
10996,{storage-tp-10-112-11-213} (10.112.11.213) [EdgeCore_AS7712-32X] @Rack_L16  [TP-GF],20-03-2024 05:48:50,0.02
10996,{storage-tp-10-112-11-213} (10.112.11.213) [EdgeCore_AS7712-32X] @Rack_L16  [TP-GF],20-03-2024 05:49:50,0.02
10996,{storage-tp-10-112-11-213} (10.112.11.213) [EdgeCore_AS7712-32X] @Rack_L16  [TP-GF],20-03-2024 05:50:50,0.02
10996,{storage-tp-10-112-11-213} (10.112.11.213) [EdgeCore_AS7712-32X] @Rack_L16  [TP-GF],20-03-2024 05:51:50,0.02
10996,{storage-tp-10-112-11-213} (10.112.11.213) [EdgeCore_AS7712-32X] @Rack_L16  [TP-GF],20-03-2024 05:52:50,0.02
10996,{storage-tp-10-112-11-213} (10.112.11.213) [EdgeCore_AS7712-32X] @Rack_L16  [TP-GF],20-03-2024 05:53:50,0.02
10996,{storage-tp-10-112-11-213} (10.112.11.213) [EdgeCore_AS7712-32X] @Rack_L16  [TP-GF],20-03-2024 05:54:50,0.02
10996,{storage-tp-10-112-11-213} (10.112.11.213) [EdgeCore_AS7712-32X] @Rack_L16  [TP-GF],20-03-2024 05:55:50,0.02
10996,{storage-tp-10-112-11-213} (10.112.11.213) [EdgeCore_AS7712-32X] @Rack_L16  [TP-GF],20-03-2024 05:56:50,0.02
10996,{storage-tp-10-112-11-213} (10.112.11.213) [EdgeCore_AS7712-32X] @Rack_L16  [TP-GF],20-03-2024 05:57:50,0.02
10996,{storage-tp-10-112-11-213} (10.112.11.213) [EdgeCore_AS7712-32X] @Rack_L16  [TP-GF],20-03-2024 05:58:50,0.02
10996,{storage-tp-10-112-11-213} (10.112.11.213) [EdgeCore_AS7712-32X] @Rack_L16  [TP-GF],20-03-2024 05:59:50,0.02
10996,{storage-tp-10-112-11-213} (10.112.11.213) [EdgeCore_AS7712-32X] @Rack_L16  [TP-GF],20-03-2024 06:00:50,0.02
10996,{storage-tp-10-112-11-213} (10.112.11.213) [EdgeCore_AS7712-32X] @Rack_L16  [TP-GF],20-03-2024 06:01:50,0.02
10996,{storage-tp-10-112-11-213} (10.112.11.213) [EdgeCore_AS7712-32X] @Rack_L16  [TP-GF],20-03-2024 06:02:50,0.02
10996,{storage-tp-10-112-11-213} (10.112.11.213) [EdgeCore_AS7712-32X] @Rack_L16  [TP-GF],20-03-2024 06:03:50,0.02
10996,{storage-tp-10-112-11-213} (10.112.11.213) [EdgeCore_AS7712-32X] @Rack_L16  [TP-GF],20-03-2024 06:04:50,0.02
10996,{storage-tp-10-112-11-213} (10.112.11.213) [EdgeCore_AS7712-32X] @Rack_L16  [TP-GF],20-03-2024 06:05:50,0.02
10996,{storage-tp-10-112-11-213} (10.112.11.213) [EdgeCore_AS7712-32X] @Rack_L16  [TP-GF],20-03-2024 06:06:50,0.02
10996,{storage-tp-10-112-11-213} (10.112.11.213) [EdgeCore_AS7712-32X] @Rack_L16  [TP-GF],20-03-2024 06:07:50,0.02
10996,{storage-tp-10-112-11-213} (10.112.11.213) [EdgeCore_AS7712-32X] @Rack_L16  [TP-GF],20-03-2024 06:08:50,0.02
10996,{storage-tp-10-112-11-213} (10.112.11.213) [EdgeCore_AS7712-32X] @Rack_L16  [TP-GF],20-03-2024 06:09:50,0.02
10996,{storage-tp-10-112-11-213} (10.112.11.213) [EdgeCore_AS7712-32X] @Rack_L16  [TP-GF],20-03-2024 06:10:50,0.02
10996,{storage-tp-10-112-11-213} (10.112.11.213) [EdgeCore_AS7712-32X] @Rack_L16  [TP-GF],20-03-2024 06:11:50,0.02
10996,{storage-tp-10-112-11-213} (10.112.11.213) [EdgeCore_AS7712-32X] @Rack_L16  [TP-GF],20-03-2024 06:12:50,0.02
10996,{storage-tp-10-112-11-213} (10.112.11.213) [EdgeCore_AS7712-32X] @Rack_L16  [TP-GF],20-03-2024 06:13:50,0.02
10996,{storage-tp-10-112-11-213} (10.112.11.213) [EdgeCore_AS7712-32X] @Rack_L16  [TP-GF],20-03-2024 06:14:50,0.02
10996,{storage-tp-10-112-11-213} (10.112.11.213) [EdgeCore_AS7712-32X] @Rack_L16  [TP-GF],20-03-2024 06:15:50,0.02
10996,{storage-tp-10-112-11-213} (10.112.11.213) [EdgeCore_AS7712-32X] @Rack_L16  [TP-GF],20-03-2024 06:16:50,0.02
10996,{storage-tp-10-112-11-213} (10.112.11.213) [EdgeCore_AS7712-32X] @Rack_L16  [TP-GF],20-03-2024 06:17:50,0.02
10996,{storage-tp-10-112-11-213} (10.112.11.213) [EdgeCore_AS7712-32X] @Rack_L16  [TP-GF],20-03-2024 06:18:50,0.02
10996,{storage-tp-10-112-11-213} (10.112.11.213) [EdgeCore_AS7712-32X] @Rack_L16  [TP-GF],20-03-2024 06:19:50,0.02
10996,{storage-tp-10-112-11-213} (10.112.11.213) [EdgeCore_AS7712-32X] @Rack_L16  [TP-GF],20-03-2024 06:20:50,0.02
10996,{storage-tp-10-112-11-213} (10.112.11.213) [EdgeCore_AS7712-32X] @Rack_L16  [TP-GF],20-03-2024 06:21:50,0.02
10996,{storage-tp-10-112-11-213} (10.112.11.213) [EdgeCore_AS7712-32X] @Rack_L16  [TP-GF],20-03-2024 06:22:50,0.02
10996,{storage-tp-10-112-11-213} (10.112.11.213) [EdgeCore_AS7712-32X] @Rack_L16  [TP-GF],20-03-2024 06:23:50,0.02
10996,{storage-tp-10-112-11-213} (10.112.11.213) [EdgeCore_AS7712-32X] @Rack_L16  [TP-GF],20-03-2024 06:24:50,0.02
10996,{storage-tp-10-112-11-213} (10.112.11.213) [EdgeCore_AS7712-32X] @Rack_L16  [TP-GF],20-03-2024 06:25:50,0.02
10996,{storage-tp-10-112-11-213} (10.112.11.213) [EdgeCore_AS7712-32X] @Rack_L16  [TP-GF],20-03-2024 06:26:50,0.02
10996,{storage-tp-10-112-11-213} (10.112.11.213) [EdgeCore_AS7712-32X] @Rack_L16  [TP-GF],20-03-2024 06:27:50,0.02
10996,{storage-tp-10-112-11-213} (10.112.11.213) [EdgeCore_AS7712-32X] @Rack_L16  [TP-GF],20-03-2024 06:28:50,0.02
10996,{storage-tp-10-112-11-213} (10.112.11.213) [EdgeCore_AS7712-32X] @Rack_L16  [TP-GF],20-03-2024 06:29:50,0.02
10996,{storage-tp-10-112-11-213} (10.112.11.213) [EdgeCore_AS7712-32X] @Rack_L16  [TP-GF],20-03-2024 06:30:50,0.02
10996,{storage-tp-10-112-11-213} (10.112.11.213) [EdgeCore_AS7712-32X] @Rack_L16  [TP-GF],20-03-2024 06:31:50,0.02
10996,{storage-tp-10-112-11-213} (10.112.11.213) [EdgeCore_AS7712-32X] @Rack_L16  [TP-GF],20-03-2024 06:32:50,0.02
10996,{storage-tp-10-112-11-213} (10.112.11.213) [EdgeCore_AS7712-32X] @Rack_L16  [TP-GF],20-03-2024 06:33:50,0.02
10996,{storage-tp-10-112-11-213} (10.112.11.213) [EdgeCore_AS7712-32X] @Rack_L16  [TP-GF],20-03-2024 06:34:50,0.02
10996,{storage-tp-10-112-11-213} (10.112.11.213) [EdgeCore_AS7712-32X] @Rack_L16  [TP-GF],20-03-2024 06:35:50,0.02
10996,{storage-tp-10-112-11-213} (10.112.11.213) [EdgeCore_AS7712-32X] @Rack_L16  [TP-GF],20-03-2024 06:36:50,0.02
10996,{storage-tp-10-112-11-213} (10.112.11.213) [EdgeCore_AS7712-32X] @Rack_L16  [TP-GF],20-03-2024 06:37:49,0.02
10996,{storage-tp-10-112-11-213} (10.112.11.213) [EdgeCore_AS7712-32X] @Rack_L16  [TP-GF],20-03-2024 06:38:50,0.02
10996,{storage-tp-10-112-11-213} (10.112.11.213) [EdgeCore_AS7712-32X] @Rack_L16  [TP-GF],20-03-2024 06:39:49,0.02
10996,{storage-tp-10-112-11-213} (10.112.11.213) [EdgeCore_AS7712-32X] @Rack_L16  [TP-GF],20-03-2024 06:40:50,0.02
10996,{storage-tp-10-112-11-213} (10.112.11.213) [EdgeCore_AS7712-32X] @Rack_L16  [TP-GF],20-03-2024 06:41:49,0.02
10996,{storage-tp-10-112-11-213} (10.112.11.213) [EdgeCore_AS7712-32X] @Rack_L16  [TP-GF],20-03-2024 06:42:50,0.02
10996,{storage-tp-10-112-11-213} (10.112.11.213) [EdgeCore_AS7712-32X] @Rack_L16  [TP-GF],20-03-2024 06:43:49,0.02
10996,{storage-tp-10-112-11-213} (10.112.11.213) [EdgeCore_AS7712-32X] @Rack_L16  [TP-GF],20-03-2024 06:44:50,0.02
10996,{storage-tp-10-112-11-213} (10.112.11.213) [EdgeCore_AS7712-32X] @Rack_L16  [TP-GF],20-03-2024 06:45:50,0.02
10996,{storage-tp-10-112-11-213} (10.112.11.213) [EdgeCore_AS7712-32X] @Rack_L16  [TP-GF],20-03-2024 06:46:49,0.02
10996,{storage-tp-10-112-11-213} (10.112.11.213) [EdgeCore_AS7712-32X] @Rack_L16  [TP-GF],20-03-2024 06:47:50,0.02
10996,{storage-tp-10-112-11-213} (10.112.11.213) [EdgeCore_AS7712-32X] @Rack_L16  [TP-GF],20-03-2024 06:48:50,0.02
10996,{storage-tp-10-112-11-213} (10.112.11.213) [EdgeCore_AS7712-32X] @Rack_L16  [TP-GF],20-03-2024 06:49:50,0.02
10996,{storage-tp-10-112-11-213} (10.112.11.213) [EdgeCore_AS7712-32X] @Rack_L16  [TP-GF],20-03-2024 06:50:50,0.02
10996,{storage-tp-10-112-11-213} (10.112.11.213) [EdgeCore_AS7712-32X] @Rack_L16  [TP-GF],20-03-2024 06:51:50,0.02
10996,{storage-tp-10-112-11-213} (10.112.11.213) [EdgeCore_AS7712-32X] @Rack_L16  [TP-GF],20-03-2024 06:52:50,0.02
10996,{storage-tp-10-112-11-213} (10.112.11.213) [EdgeCore_AS7712-32X] @Rack_L16  [TP-GF],20-03-2024 06:53:50,0.02
10996,{storage-tp-10-112-11-213} (10.112.11.213) [EdgeCore_AS7712-32X] @Rack_L16  [TP-GF],20-03-2024 06:54:50,0.02
10996,{storage-tp-10-112-11-213} (10.112.11.213) [EdgeCore_AS7712-32X] @Rack_L16  [TP-GF],20-03-2024 06:55:50,0.02
10996,{storage-tp-10-112-11-213} (10.112.11.213) [EdgeCore_AS7712-32X] @Rack_L16  [TP-GF],20-03-2024 06:56:50,0.02
10996,{storage-tp-10-112-11-213} (10.112.11.213) [EdgeCore_AS7712-32X] @Rack_L16  [TP-GF],20-03-2024 06:57:49,0.02
10996,{storage-tp-10-112-11-213} (10.112.11.213) [EdgeCore_AS7712-32X] @Rack_L16  [TP-GF],20-03-2024 06:58:50,0.02
10996,{storage-tp-10-112-11-213} (10.112.11.213) [EdgeCore_AS7712-32X] @Rack_L16  [TP-GF],20-03-2024 06:59:49,0.02
10996,{storage-tp-10-112-11-213} (10.112.11.213) [EdgeCore_AS7712-32X] @Rack_L16  [TP-GF],20-03-2024 07:00:50,0.02
10996,{storage-tp-10-112-11-213} (10.112.11.213) [EdgeCore_AS7712-32X] @Rack_L16  [TP-GF],20-03-2024 07:01:50,0.02
10996,{storage-tp-10-112-11-213} (10.112.11.213) [EdgeCore_AS7712-32X] @Rack_L16  [TP-GF],20-03-2024 07:02:50,0.02
10996,{storage-tp-10-112-11-213} (10.112.11.213) [EdgeCore_AS7712-32X] @Rack_L16  [TP-GF],20-03-2024 07:03:50,0.02
10996,{storage-tp-10-112-11-213} (10.112.11.213) [EdgeCore_AS7712-32X] @Rack_L16  [TP-GF],20-03-2024 07:04:50,0.02
10996,{storage-tp-10-112-11-213} (10.112.11.213) [EdgeCore_AS7712-32X] @Rack_L16  [TP-GF],20-03-2024 07:05:50,0.02
10996,{storage-tp-10-112-11-213} (10.112.11.213) [EdgeCore_AS7712-32X] @Rack_L16  [TP-GF],20-03-2024 07:06:50,0.02
10996,{storage-tp-10-112-11-213} (10.112.11.213) [EdgeCore_AS7712-32X] @Rack_L16  [TP-GF],20-03-2024 07:07:50,0.02
10996,{storage-tp-10-112-11-213} (10.112.11.213) [EdgeCore_AS7712-32X] @Rack_L16  [TP-GF],20-03-2024 07:08:50,0.02
10996,{storage-tp-10-112-11-213} (10.112.11.213) [EdgeCore_AS7712-32X] @Rack_L16  [TP-GF],20-03-2024 07:09:50,0.02
10996,{storage-tp-10-112-11-213} (10.112.11.213) [EdgeCore_AS7712-32X] @Rack_L16  [TP-GF],20-03-2024 07:10:50,0.02
10996,{storage-tp-10-112-11-213} (10.112.11.213) [EdgeCore_AS7712-32X] @Rack_L16  [TP-GF],20-03-2024 07:11:50,0.02
10996,{storage-tp-10-112-11-213} (10.112.11.213) [EdgeCore_AS7712-32X] @Rack_L16  [TP-GF],20-03-2024 07:12:50,0.02
10996,{storage-tp-10-112-11-213} (10.112.11.213) [EdgeCore_AS7712-32X] @Rack_L16  [TP-GF],20-03-2024 07:13:50,0.02
10996,{storage-tp-10-112-11-213} (10.112.11.213) [EdgeCore_AS7712-32X] @Rack_L16  [TP-GF],20-03-2024 07:14:50,0.02
10996,{storage-tp-10-112-11-213} (10.112.11.213) [EdgeCore_AS7712-32X] @Rack_L16  [TP-GF],20-03-2024 07:15:50,0.02
10996,{storage-tp-10-112-11-213} (10.112.11.213) [EdgeCore_AS7712-32X] @Rack_L16  [TP-GF],20-03-2024 07:16:50,0.02
10996,{storage-tp-10-112-11-213} (10.112.11.213) [EdgeCore_AS7712-32X] @Rack_L16  [TP-GF],20-03-2024 07:17:50,0.02
10996,{storage-tp-10-112-11-213} (10.112.11.213) [EdgeCore_AS7712-32X] @Rack_L16  [TP-GF],20-03-2024 07:18:50,0.02
10996,{storage-tp-10-112-11-213} (10.112.11.213) [EdgeCore_AS7712-32X] @Rack_L16  [TP-GF],20-03-2024 07:19:50,0.02
10996,{storage-tp-10-112-11-213} (10.112.11.213) [EdgeCore_AS7712-32X] @Rack_L16  [TP-GF],20-03-2024 07:20:50,0.02
10996,{storage-tp-10-112-11-213} (10.112.11.213) [EdgeCore_AS7712-32X] @Rack_L16  [TP-GF],20-03-2024 07:21:50,0.02
10996,{storage-tp-10-112-11-213} (10.112.11.213) [EdgeCore_AS7712-32X] @Rack_L16  [TP-GF],20-03-2024 07:22:50,0.02
10996,{storage-tp-10-112-11-213} (10.112.11.213) [EdgeCore_AS7712-32X] @Rack_L16  [TP-GF],20-03-2024 07:23:50,0.02
10996,{storage-tp-10-112-11-213} (10.112.11.213) [EdgeCore_AS7712-32X] @Rack_L16  [TP-GF],20-03-2024 07:24:50,0.02
10996,{storage-tp-10-112-11-213} (10.112.11.213) [EdgeCore_AS7712-32X] @Rack_L16  [TP-GF],20-03-2024 07:25:50,0.02
10996,{storage-tp-10-112-11-213} (10.112.11.213) [EdgeCore_AS7712-32X] @Rack_L16  [TP-GF],20-03-2024 07:26:50,0.02
10996,{storage-tp-10-112-11-213} (10.112.11.213) [EdgeCore_AS7712-32X] @Rack_L16  [TP-GF],20-03-2024 07:27:49,0.02
10996,{storage-tp-10-112-11-213} (10.112.11.213) [EdgeCore_AS7712-32X] @Rack_L16  [TP-GF],20-03-2024 07:28:50,0.02
10996,{storage-tp-10-112-11-213} (10.112.11.213) [EdgeCore_AS7712-32X] @Rack_L16  [TP-GF],20-03-2024 07:29:50,0.02
10996,{storage-tp-10-112-11-213} (10.112.11.213) [EdgeCore_AS7712-32X] @Rack_L16  [TP-GF],20-03-2024 07:30:49,0.02
10996,{storage-tp-10-112-11-213} (10.112.11.213) [EdgeCore_AS7712-32X] @Rack_L16  [TP-GF],20-03-2024 07:31:50,0.02
10996,{storage-tp-10-112-11-213} (10.112.11.213) [EdgeCore_AS7712-32X] @Rack_L16  [TP-GF],20-03-2024 07:32:50,0.02
10996,{storage-tp-10-112-11-213} (10.112.11.213) [EdgeCore_AS7712-32X] @Rack_L16  [TP-GF],20-03-2024 07:33:50,0.02
10996,{storage-tp-10-112-11-213} (10.112.11.213) [EdgeCore_AS7712-32X] @Rack_L16  [TP-GF],20-03-2024 07:34:50,0.02
10996,{storage-tp-10-112-11-213} (10.112.11.213) [EdgeCore_AS7712-32X] @Rack_L16  [TP-GF],20-03-2024 07:35:50,0.02
10996,{storage-tp-10-112-11-213} (10.112.11.213) [EdgeCore_AS7712-32X] @Rack_L16  [TP-GF],20-03-2024 07:36:50,0.02
10996,{storage-tp-10-112-11-213} (10.112.11.213) [EdgeCore_AS7712-32X] @Rack_L16  [TP-GF],20-03-2024 07:37:49,0.02
10996,{storage-tp-10-112-11-213} (10.112.11.213) [EdgeCore_AS7712-32X] @Rack_L16  [TP-GF],20-03-2024 07:38:50,0.02
10996,{storage-tp-10-112-11-213} (10.112.11.213) [EdgeCore_AS7712-32X] @Rack_L16  [TP-GF],20-03-2024 07:39:50,0.02
10996,{storage-tp-10-112-11-213} (10.112.11.213) [EdgeCore_AS7712-32X] @Rack_L16  [TP-GF],20-03-2024 07:40:50,0.02
10996,{storage-tp-10-112-11-213} (10.112.11.213) [EdgeCore_AS7712-32X] @Rack_L16  [TP-GF],20-03-2024 07:41:50,0.02
10996,{storage-tp-10-112-11-213} (10.112.11.213) [EdgeCore_AS7712-32X] @Rack_L16  [TP-GF],20-03-2024 07:42:50,0.02
10996,{storage-tp-10-112-11-213} (10.112.11.213) [EdgeCore_AS7712-32X] @Rack_L16  [TP-GF],20-03-2024 07:43:50,0.02
10996,{storage-tp-10-112-11-213} (10.112.11.213) [EdgeCore_AS7712-32X] @Rack_L16  [TP-GF],20-03-2024 07:44:50,0.02
10996,{storage-tp-10-112-11-213} (10.112.11.213) [EdgeCore_AS7712-32X] @Rack_L16  [TP-GF],20-03-2024 07:45:50,0.02
10996,{storage-tp-10-112-11-213} (10.112.11.213) [EdgeCore_AS7712-32X] @Rack_L16  [TP-GF],20-03-2024 07:46:50,0.02
10996,{storage-tp-10-112-11-213} (10.112.11.213) [EdgeCore_AS7712-32X] @Rack_L16  [TP-GF],20-03-2024 07:47:50,0.02
10996,{storage-tp-10-112-11-213} (10.112.11.213) [EdgeCore_AS7712-32X] @Rack_L16  [TP-GF],20-03-2024 07:48:50,0.02
10996,{storage-tp-10-112-11-213} (10.112.11.213) [EdgeCore_AS7712-32X] @Rack_L16  [TP-GF],20-03-2024 07:49:50,0.02
10996,{storage-tp-10-112-11-213} (10.112.11.213) [EdgeCore_AS7712-32X] @Rack_L16  [TP-GF],20-03-2024 07:50:50,0.02
10996,{storage-tp-10-112-11-213} (10.112.11.213) [EdgeCore_AS7712-32X] @Rack_L16  [TP-GF],20-03-2024 07:51:50,0.02
10996,{storage-tp-10-112-11-213} (10.112.11.213) [EdgeCore_AS7712-32X] @Rack_L16  [TP-GF],20-03-2024 07:52:50,0.02
10996,{storage-tp-10-112-11-213} (10.112.11.213) [EdgeCore_AS7712-32X] @Rack_L16  [TP-GF],20-03-2024 07:53:50,0.02
10996,{storage-tp-10-112-11-213} (10.112.11.213) [EdgeCore_AS7712-32X] @Rack_L16  [TP-GF],20-03-2024 07:54:50,0.02
10996,{storage-tp-10-112-11-213} (10.112.11.213) [EdgeCore_AS7712-32X] @Rack_L16  [TP-GF],20-03-2024 07:55:50,0.02
10996,{storage-tp-10-112-11-213} (10.112.11.213) [EdgeCore_AS7712-32X] @Rack_L16  [TP-GF],20-03-2024 07:56:50,0.02
10996,{storage-tp-10-112-11-213} (10.112.11.213) [EdgeCore_AS7712-32X] @Rack_L16  [TP-GF],20-03-2024 07:57:50,0.02
10996,{storage-tp-10-112-11-213} (10.112.11.213) [EdgeCore_AS7712-32X] @Rack_L16  [TP-GF],20-03-2024 07:58:50,0.02
10996,{storage-tp-10-112-11-213} (10.112.11.213) [EdgeCore_AS7712-32X] @Rack_L16  [TP-GF],20-03-2024 07:59:50,0.02
10996,{storage-tp-10-112-11-213} (10.112.11.213) [EdgeCore_AS7712-32X] @Rack_L16  [TP-GF],20-03-2024 08:00:50,0.02
10996,{storage-tp-10-112-11-213} (10.112.11.213) [EdgeCore_AS7712-32X] @Rack_L16  [TP-GF],20-03-2024 08:01:50,0.02
10996,{storage-tp-10-112-11-213} (10.112.11.213) [EdgeCore_AS7712-32X] @Rack_L16  [TP-GF],20-03-2024 08:02:50,0.02
10996,{storage-tp-10-112-11-213} (10.112.11.213) [EdgeCore_AS7712-32X] @Rack_L16  [TP-GF],20-03-2024 08:03:50,0.02
10996,{storage-tp-10-112-11-213} (10.112.11.213) [EdgeCore_AS7712-32X] @Rack_L16  [TP-GF],20-03-2024 08:04:50,0.02
10996,{storage-tp-10-112-11-213} (10.112.11.213) [EdgeCore_AS7712-32X] @Rack_L16  [TP-GF],20-03-2024 08:05:50,0.02
10996,{storage-tp-10-112-11-213} (10.112.11.213) [EdgeCore_AS7712-32X] @Rack_L16  [TP-GF],20-03-2024 08:06:50,0.02
10996,{storage-tp-10-112-11-213} (10.112.11.213) [EdgeCore_AS7712-32X] @Rack_L16  [TP-GF],20-03-2024 08:07:50,0.02
10996,{storage-tp-10-112-11-213} (10.112.11.213) [EdgeCore_AS7712-32X] @Rack_L16  [TP-GF],20-03-2024 08:08:50,0.02
10996,{storage-tp-10-112-11-213} (10.112.11.213) [EdgeCore_AS7712-32X] @Rack_L16  [TP-GF],20-03-2024 08:09:50,0.02
10996,{storage-tp-10-112-11-213} (10.112.11.213) [EdgeCore_AS7712-32X] @Rack_L16  [TP-GF],20-03-2024 08:10:50,0.02
10996,{storage-tp-10-112-11-213} (10.112.11.213) [EdgeCore_AS7712-32X] @Rack_L16  [TP-GF],20-03-2024 08:11:50,0.02
10996,{storage-tp-10-112-11-213} (10.112.11.213) [EdgeCore_AS7712-32X] @Rack_L16  [TP-GF],20-03-2024 08:12:50,0.02
10996,{storage-tp-10-112-11-213} (10.112.11.213) [EdgeCore_AS7712-32X] @Rack_L16  [TP-GF],20-03-2024 08:13:50,0.02
10996,{storage-tp-10-112-11-213} (10.112.11.213) [EdgeCore_AS7712-32X] @Rack_L16  [TP-GF],20-03-2024 08:14:50,0.02
10996,{storage-tp-10-112-11-213} (10.112.11.213) [EdgeCore_AS7712-32X] @Rack_L16  [TP-GF],20-03-2024 08:15:50,0.02
10996,{storage-tp-10-112-11-213} (10.112.11.213) [EdgeCore_AS7712-32X] @Rack_L16  [TP-GF],20-03-2024 08:16:50,0.02
10996,{storage-tp-10-112-11-213} (10.112.11.213) [EdgeCore_AS7712-32X] @Rack_L16  [TP-GF],20-03-2024 08:17:50,0.02
10996,{storage-tp-10-112-11-213} (10.112.11.213) [EdgeCore_AS7712-32X] @Rack_L16  [TP-GF],20-03-2024 08:18:50,0.02
10996,{storage-tp-10-112-11-213} (10.112.11.213) [EdgeCore_AS7712-32X] @Rack_L16  [TP-GF],20-03-2024 08:19:50,0.02
10996,{storage-tp-10-112-11-213} (10.112.11.213) [EdgeCore_AS7712-32X] @Rack_L16  [TP-GF],20-03-2024 08:20:50,0.02
10996,{storage-tp-10-112-11-213} (10.112.11.213) [EdgeCore_AS7712-32X] @Rack_L16  [TP-GF],20-03-2024 08:21:50,0.02
10996,{storage-tp-10-112-11-213} (10.112.11.213) [EdgeCore_AS7712-32X] @Rack_L16  [TP-GF],20-03-2024 08:22:50,0.02
10996,{storage-tp-10-112-11-213} (10.112.11.213) [EdgeCore_AS7712-32X] @Rack_L16  [TP-GF],20-03-2024 08:23:50,0.02
10996,{storage-tp-10-112-11-213} (10.112.11.213) [EdgeCore_AS7712-32X] @Rack_L16  [TP-GF],20-03-2024 08:24:50,0.02
10996,{storage-tp-10-112-11-213} (10.112.11.213) [EdgeCore_AS7712-32X] @Rack_L16  [TP-GF],20-03-2024 08:25:50,0.02
10996,{storage-tp-10-112-11-213} (10.112.11.213) [EdgeCore_AS7712-32X] @Rack_L16  [TP-GF],20-03-2024 08:26:50,0.02
10996,{storage-tp-10-112-11-213} (10.112.11.213) [EdgeCore_AS7712-32X] @Rack_L16  [TP-GF],20-03-2024 08:27:50,0.02
10996,{storage-tp-10-112-11-213} (10.112.11.213) [EdgeCore_AS7712-32X] @Rack_L16  [TP-GF],20-03-2024 08:28:50,0.02
10996,{storage-tp-10-112-11-213} (10.112.11.213) [EdgeCore_AS7712-32X] @Rack_L16  [TP-GF],20-03-2024 08:29:50,0.02
10996,{storage-tp-10-112-11-213} (10.112.11.213) [EdgeCore_AS7712-32X] @Rack_L16  [TP-GF],20-03-2024 08:30:50,0.02
10996,{storage-tp-10-112-11-213} (10.112.11.213) [EdgeCore_AS7712-32X] @Rack_L16  [TP-GF],20-03-2024 08:31:50,0.02
10996,{storage-tp-10-112-11-213} (10.112.11.213) [EdgeCore_AS7712-32X] @Rack_L16  [TP-GF],20-03-2024 08:32:50,0.02
10996,{storage-tp-10-112-11-213} (10.112.11.213) [EdgeCore_AS7712-32X] @Rack_L16  [TP-GF],20-03-2024 08:33:50,0.02
10996,{storage-tp-10-112-11-213} (10.112.11.213) [EdgeCore_AS7712-32X] @Rack_L16  [TP-GF],20-03-2024 08:34:50,0.02
10996,{storage-tp-10-112-11-213} (10.112.11.213) [EdgeCore_AS7712-32X] @Rack_L16  [TP-GF],20-03-2024 08:35:50,0.02
10996,{storage-tp-10-112-11-213} (10.112.11.213) [EdgeCore_AS7712-32X] @Rack_L16  [TP-GF],20-03-2024 08:36:50,0.02
10996,{storage-tp-10-112-11-213} (10.112.11.213) [EdgeCore_AS7712-32X] @Rack_L16  [TP-GF],20-03-2024 08:37:50,0.02
10996,{storage-tp-10-112-11-213} (10.112.11.213) [EdgeCore_AS7712-32X] @Rack_L16  [TP-GF],20-03-2024 08:38:50,0.02
10996,{storage-tp-10-112-11-213} (10.112.11.213) [EdgeCore_AS7712-32X] @Rack_L16  [TP-GF],20-03-2024 08:39:50,0.02
10996,{storage-tp-10-112-11-213} (10.112.11.213) [EdgeCore_AS7712-32X] @Rack_L16  [TP-GF],20-03-2024 08:40:50,0.02
10996,{storage-tp-10-112-11-213} (10.112.11.213) [EdgeCore_AS7712-32X] @Rack_L16  [TP-GF],20-03-2024 08:41:50,0.02
10996,{storage-tp-10-112-11-213} (10.112.11.213) [EdgeCore_AS7712-32X] @Rack_L16  [TP-GF],20-03-2024 08:42:50,0.02
10996,{storage-tp-10-112-11-213} (10.112.11.213) [EdgeCore_AS7712-32X] @Rack_L16  [TP-GF],20-03-2024 08:43:50,0.02
10996,{storage-tp-10-112-11-213} (10.112.11.213) [EdgeCore_AS7712-32X] @Rack_L16  [TP-GF],20-03-2024 08:44:50,0.02
10996,{storage-tp-10-112-11-213} (10.112.11.213) [EdgeCore_AS7712-32X] @Rack_L16  [TP-GF],20-03-2024 08:45:50,0.02
10996,{storage-tp-10-112-11-213} (10.112.11.213) [EdgeCore_AS7712-32X] @Rack_L16  [TP-GF],20-03-2024 08:46:50,0.02
10996,{storage-tp-10-112-11-213} (10.112.11.213) [EdgeCore_AS7712-32X] @Rack_L16  [TP-GF],20-03-2024 08:47:50,0.02
10996,{storage-tp-10-112-11-213} (10.112.11.213) [EdgeCore_AS7712-32X] @Rack_L16  [TP-GF],20-03-2024 08:48:50,0.02
10996,{storage-tp-10-112-11-213} (10.112.11.213) [EdgeCore_AS7712-32X] @Rack_L16  [TP-GF],20-03-2024 08:49:50,0.02
10996,{storage-tp-10-112-11-213} (10.112.11.213) [EdgeCore_AS7712-32X] @Rack_L16  [TP-GF],20-03-2024 08:50:50,0.02
10996,{storage-tp-10-112-11-213} (10.112.11.213) [EdgeCore_AS7712-32X] @Rack_L16  [TP-GF],20-03-2024 08:51:50,0.02
10996,{storage-tp-10-112-11-213} (10.112.11.213) [EdgeCore_AS7712-32X] @Rack_L16  [TP-GF],20-03-2024 08:52:50,0.02
10996,{storage-tp-10-112-11-213} (10.112.11.213) [EdgeCore_AS7712-32X] @Rack_L16  [TP-GF],20-03-2024 08:53:50,0.02
10996,{storage-tp-10-112-11-213} (10.112.11.213) [EdgeCore_AS7712-32X] @Rack_L16  [TP-GF],20-03-2024 08:54:50,0.02
10996,{storage-tp-10-112-11-213} (10.112.11.213) [EdgeCore_AS7712-32X] @Rack_L16  [TP-GF],20-03-2024 08:55:50,0.02
10996,{storage-tp-10-112-11-213} (10.112.11.213) [EdgeCore_AS7712-32X] @Rack_L16  [TP-GF],20-03-2024 08:56:50,0.02
10996,{storage-tp-10-112-11-213} (10.112.11.213) [EdgeCore_AS7712-32X] @Rack_L16  [TP-GF],20-03-2024 08:57:50,0.02
10996,{storage-tp-10-112-11-213} (10.112.11.213) [EdgeCore_AS7712-32X] @Rack_L16  [TP-GF],20-03-2024 08:58:50,0.02
10996,{storage-tp-10-112-11-213} (10.112.11.213) [EdgeCore_AS7712-32X] @Rack_L16  [TP-GF],20-03-2024 08:59:50,0.02
10996,{storage-tp-10-112-11-213} (10.112.11.213) [EdgeCore_AS7712-32X] @Rack_L16  [TP-GF],20-03-2024 09:00:50,0.02
10996,{storage-tp-10-112-11-213} (10.112.11.213) [EdgeCore_AS7712-32X] @Rack_L16  [TP-GF],20-03-2024 09:01:50,0.02
10996,{storage-tp-10-112-11-213} (10.112.11.213) [EdgeCore_AS7712-32X] @Rack_L16  [TP-GF],20-03-2024 09:02:50,0.02
10996,{storage-tp-10-112-11-213} (10.112.11.213) [EdgeCore_AS7712-32X] @Rack_L16  [TP-GF],20-03-2024 09:03:50,0.02
10996,{storage-tp-10-112-11-213} (10.112.11.213) [EdgeCore_AS7712-32X] @Rack_L16  [TP-GF],20-03-2024 09:04:50,0.02
10996,{storage-tp-10-112-11-213} (10.112.11.213) [EdgeCore_AS7712-32X] @Rack_L16  [TP-GF],20-03-2024 09:05:50,0.02
10996,{storage-tp-10-112-11-213} (10.112.11.213) [EdgeCore_AS7712-32X] @Rack_L16  [TP-GF],20-03-2024 09:06:50,0.02
10996,{storage-tp-10-112-11-213} (10.112.11.213) [EdgeCore_AS7712-32X] @Rack_L16  [TP-GF],20-03-2024 09:07:50,0.02
10996,{storage-tp-10-112-11-213} (10.112.11.213) [EdgeCore_AS7712-32X] @Rack_L16  [TP-GF],20-03-2024 09:08:50,0.02
10996,{storage-tp-10-112-11-213} (10.112.11.213) [EdgeCore_AS7712-32X] @Rack_L16  [TP-GF],20-03-2024 09:09:50,0.02
10996,{storage-tp-10-112-11-213} (10.112.11.213) [EdgeCore_AS7712-32X] @Rack_L16  [TP-GF],20-03-2024 09:10:50,0.02
10996,{storage-tp-10-112-11-213} (10.112.11.213) [EdgeCore_AS7712-32X] @Rack_L16  [TP-GF],20-03-2024 09:11:50,0.02
10996,{storage-tp-10-112-11-213} (10.112.11.213) [EdgeCore_AS7712-32X] @Rack_L16  [TP-GF],20-03-2024 09:12:50,0.02
10996,{storage-tp-10-112-11-213} (10.112.11.213) [EdgeCore_AS7712-32X] @Rack_L16  [TP-GF],20-03-2024 09:13:50,0.02
10996,{storage-tp-10-112-11-213} (10.112.11.213) [EdgeCore_AS7712-32X] @Rack_L16  [TP-GF],20-03-2024 09:14:50,0.02
10996,{storage-tp-10-112-11-213} (10.112.11.213) [EdgeCore_AS7712-32X] @Rack_L16  [TP-GF],20-03-2024 09:15:50,0.02
10996,{storage-tp-10-112-11-213} (10.112.11.213) [EdgeCore_AS7712-32X] @Rack_L16  [TP-GF],20-03-2024 09:16:50,0.02
10996,{storage-tp-10-112-11-213} (10.112.11.213) [EdgeCore_AS7712-32X] @Rack_L16  [TP-GF],20-03-2024 09:17:50,0.02
10996,{storage-tp-10-112-11-213} (10.112.11.213) [EdgeCore_AS7712-32X] @Rack_L16  [TP-GF],20-03-2024 09:18:50,0.02
10996,{storage-tp-10-112-11-213} (10.112.11.213) [EdgeCore_AS7712-32X] @Rack_L16  [TP-GF],20-03-2024 09:19:50,0.02
10996,{storage-tp-10-112-11-213} (10.112.11.213) [EdgeCore_AS7712-32X] @Rack_L16  [TP-GF],20-03-2024 09:20:50,0.02
10996,{storage-tp-10-112-11-213} (10.112.11.213) [EdgeCore_AS7712-32X] @Rack_L16  [TP-GF],20-03-2024 09:21:50,0.02
10996,{storage-tp-10-112-11-213} (10.112.11.213) [EdgeCore_AS7712-32X] @Rack_L16  [TP-GF],20-03-2024 09:22:50,0.02
10996,{storage-tp-10-112-11-213} (10.112.11.213) [EdgeCore_AS7712-32X] @Rack_L16  [TP-GF],20-03-2024 09:23:50,0.02
10996,{storage-tp-10-112-11-213} (10.112.11.213) [EdgeCore_AS7712-32X] @Rack_L16  [TP-GF],20-03-2024 09:24:50,0.02
10996,{storage-tp-10-112-11-213} (10.112.11.213) [EdgeCore_AS7712-32X] @Rack_L16  [TP-GF],20-03-2024 09:25:50,0.02
10996,{storage-tp-10-112-11-213} (10.112.11.213) [EdgeCore_AS7712-32X] @Rack_L16  [TP-GF],20-03-2024 09:26:50,0.02
10996,{storage-tp-10-112-11-213} (10.112.11.213) [EdgeCore_AS7712-32X] @Rack_L16  [TP-GF],20-03-2024 09:27:50,0.02
10996,{storage-tp-10-112-11-213} (10.112.11.213) [EdgeCore_AS7712-32X] @Rack_L16  [TP-GF],20-03-2024 09:28:50,0.02
10996,{storage-tp-10-112-11-213} (10.112.11.213) [EdgeCore_AS7712-32X] @Rack_L16  [TP-GF],20-03-2024 09:29:50,0.02
10996,{storage-tp-10-112-11-213} (10.112.11.213) [EdgeCore_AS7712-32X] @Rack_L16  [TP-GF],20-03-2024 09:30:50,0.02
10996,{storage-tp-10-112-11-213} (10.112.11.213) [EdgeCore_AS7712-32X] @Rack_L16  [TP-GF],20-03-2024 09:31:50,0.02
10996,{storage-tp-10-112-11-213} (10.112.11.213) [EdgeCore_AS7712-32X] @Rack_L16  [TP-GF],20-03-2024 09:32:50,0.02
10996,{storage-tp-10-112-11-213} (10.112.11.213) [EdgeCore_AS7712-32X] @Rack_L16  [TP-GF],20-03-2024 09:33:50,0.02
10996,{storage-tp-10-112-11-213} (10.112.11.213) [EdgeCore_AS7712-32X] @Rack_L16  [TP-GF],20-03-2024 09:34:50,0.02
10996,{storage-tp-10-112-11-213} (10.112.11.213) [EdgeCore_AS7712-32X] @Rack_L16  [TP-GF],20-03-2024 09:35:50,0.02
10996,{storage-tp-10-112-11-213} (10.112.11.213) [EdgeCore_AS7712-32X] @Rack_L16  [TP-GF],20-03-2024 09:36:50,0.02
10996,{storage-tp-10-112-11-213} (10.112.11.213) [EdgeCore_AS7712-32X] @Rack_L16  [TP-GF],20-03-2024 09:37:50,0.02
10996,{storage-tp-10-112-11-213} (10.112.11.213) [EdgeCore_AS7712-32X] @Rack_L16  [TP-GF],20-03-2024 09:38:50,0.02
10996,{storage-tp-10-112-11-213} (10.112.11.213) [EdgeCore_AS7712-32X] @Rack_L16  [TP-GF],20-03-2024 09:39:50,0.02
10996,{storage-tp-10-112-11-213} (10.112.11.213) [EdgeCore_AS7712-32X] @Rack_L16  [TP-GF],20-03-2024 09:40:50,0.02
10996,{storage-tp-10-112-11-213} (10.112.11.213) [EdgeCore_AS7712-32X] @Rack_L16  [TP-GF],20-03-2024 09:41:50,0.02
10996,{storage-tp-10-112-11-213} (10.112.11.213) [EdgeCore_AS7712-32X] @Rack_L16  [TP-GF],20-03-2024 09:42:50,0.02
10996,{storage-tp-10-112-11-213} (10.112.11.213) [EdgeCore_AS7712-32X] @Rack_L16  [TP-GF],20-03-2024 09:43:50,0.02
10996,{storage-tp-10-112-11-213} (10.112.11.213) [EdgeCore_AS7712-32X] @Rack_L16  [TP-GF],20-03-2024 09:44:50,0.02
10996,{storage-tp-10-112-11-213} (10.112.11.213) [EdgeCore_AS7712-32X] @Rack_L16  [TP-GF],20-03-2024 09:45:50,0.02
10996,{storage-tp-10-112-11-213} (10.112.11.213) [EdgeCore_AS7712-32X] @Rack_L16  [TP-GF],20-03-2024 09:46:50,0.02
10996,{storage-tp-10-112-11-213} (10.112.11.213) [EdgeCore_AS7712-32X] @Rack_L16  [TP-GF],20-03-2024 09:47:50,0.02
10996,{storage-tp-10-112-11-213} (10.112.11.213) [EdgeCore_AS7712-32X] @Rack_L16  [TP-GF],20-03-2024 09:48:50,0.02
10996,{storage-tp-10-112-11-213} (10.112.11.213) [EdgeCore_AS7712-32X] @Rack_L16  [TP-GF],20-03-2024 09:49:50,0.02
10996,{storage-tp-10-112-11-213} (10.112.11.213) [EdgeCore_AS7712-32X] @Rack_L16  [TP-GF],20-03-2024 09:50:50,0.02
10996,{storage-tp-10-112-11-213} (10.112.11.213) [EdgeCore_AS7712-32X] @Rack_L16  [TP-GF],20-03-2024 09:51:50,0.02
10996,{storage-tp-10-112-11-213} (10.112.11.213) [EdgeCore_AS7712-32X] @Rack_L16  [TP-GF],20-03-2024 09:52:50,0.02
10996,{storage-tp-10-112-11-213} (10.112.11.213) [EdgeCore_AS7712-32X] @Rack_L16  [TP-GF],20-03-2024 09:53:50,0.02
10996,{storage-tp-10-112-11-213} (10.112.11.213) [EdgeCore_AS7712-32X] @Rack_L16  [TP-GF],20-03-2024 09:54:50,0.02
10996,{storage-tp-10-112-11-213} (10.112.11.213) [EdgeCore_AS7712-32X] @Rack_L16  [TP-GF],20-03-2024 09:55:50,0.02
10996,{storage-tp-10-112-11-213} (10.112.11.213) [EdgeCore_AS7712-32X] @Rack_L16  [TP-GF],20-03-2024 09:56:50,0.02
10996,{storage-tp-10-112-11-213} (10.112.11.213) [EdgeCore_AS7712-32X] @Rack_L16  [TP-GF],20-03-2024 09:57:51,0.02
10996,{storage-tp-10-112-11-213} (10.112.11.213) [EdgeCore_AS7712-32X] @Rack_L16  [TP-GF],20-03-2024 09:58:51,0.02
10996,{storage-tp-10-112-11-213} (10.112.11.213) [EdgeCore_AS7712-32X] @Rack_L16  [TP-GF],20-03-2024 09:59:51,0.02
10996,{storage-tp-10-112-11-213} (10.112.11.213) [EdgeCore_AS7712-32X] @Rack_L16  [TP-GF],20-03-2024 10:00:51,0.02
10996,{storage-tp-10-112-11-213} (10.112.11.213) [EdgeCore_AS7712-32X] @Rack_L16  [TP-GF],20-03-2024 10:01:51,0.02
10996,{storage-tp-10-112-11-213} (10.112.11.213) [EdgeCore_AS7712-32X] @Rack_L16  [TP-GF],20-03-2024 10:02:51,0.02
10996,{storage-tp-10-112-11-213} (10.112.11.213) [EdgeCore_AS7712-32X] @Rack_L16  [TP-GF],20-03-2024 10:03:51,0.02
10996,{storage-tp-10-112-11-213} (10.112.11.213) [EdgeCore_AS7712-32X] @Rack_L16  [TP-GF],20-03-2024 10:04:51,0.02
10996,{storage-tp-10-112-11-213} (10.112.11.213) [EdgeCore_AS7712-32X] @Rack_L16  [TP-GF],20-03-2024 10:05:51,0.02
10996,{storage-tp-10-112-11-213} (10.112.11.213) [EdgeCore_AS7712-32X] @Rack_L16  [TP-GF],20-03-2024 10:06:51,0.02
10996,{storage-tp-10-112-11-213} (10.112.11.213) [EdgeCore_AS7712-32X] @Rack_L16  [TP-GF],20-03-2024 10:07:51,0.02
10996,{storage-tp-10-112-11-213} (10.112.11.213) [EdgeCore_AS7712-32X] @Rack_L16  [TP-GF],20-03-2024 10:08:51,0.02
10996,{storage-tp-10-112-11-213} (10.112.11.213) [EdgeCore_AS7712-32X] @Rack_L16  [TP-GF],20-03-2024 10:09:51,0.02
10996,{storage-tp-10-112-11-213} (10.112.11.213) [EdgeCore_AS7712-32X] @Rack_L16  [TP-GF],20-03-2024 10:10:51,0.02
10996,{storage-tp-10-112-11-213} (10.112.11.213) [EdgeCore_AS7712-32X] @Rack_L16  [TP-GF],20-03-2024 10:11:51,0.02
10996,{storage-tp-10-112-11-213} (10.112.11.213) [EdgeCore_AS7712-32X] @Rack_L16  [TP-GF],20-03-2024 10:12:51,0.02
10996,{storage-tp-10-112-11-213} (10.112.11.213) [EdgeCore_AS7712-32X] @Rack_L16  [TP-GF],20-03-2024 10:13:51,0.02
10996,{storage-tp-10-112-11-213} (10.112.11.213) [EdgeCore_AS7712-32X] @Rack_L16  [TP-GF],20-03-2024 10:14:51,0.02
10996,{storage-tp-10-112-11-213} (10.112.11.213) [EdgeCore_AS7712-32X] @Rack_L16  [TP-GF],20-03-2024 10:15:51,0.02
10996,{storage-tp-10-112-11-213} (10.112.11.213) [EdgeCore_AS7712-32X] @Rack_L16  [TP-GF],20-03-2024 10:16:51,0.02
10996,{storage-tp-10-112-11-213} (10.112.11.213) [EdgeCore_AS7712-32X] @Rack_L16  [TP-GF],20-03-2024 10:17:51,0.02
10996,{storage-tp-10-112-11-213} (10.112.11.213) [EdgeCore_AS7712-32X] @Rack_L16  [TP-GF],20-03-2024 10:18:51,0.02
10996,{storage-tp-10-112-11-213} (10.112.11.213) [EdgeCore_AS7712-32X] @Rack_L16  [TP-GF],20-03-2024 10:19:51,0.02
10996,{storage-tp-10-112-11-213} (10.112.11.213) [EdgeCore_AS7712-32X] @Rack_L16  [TP-GF],20-03-2024 10:20:51,0.02
10996,{storage-tp-10-112-11-213} (10.112.11.213) [EdgeCore_AS7712-32X] @Rack_L16  [TP-GF],20-03-2024 10:21:51,0.02
10996,{storage-tp-10-112-11-213} (10.112.11.213) [EdgeCore_AS7712-32X] @Rack_L16  [TP-GF],20-03-2024 10:22:51,0.02
10996,{storage-tp-10-112-11-213} (10.112.11.213) [EdgeCore_AS7712-32X] @Rack_L16  [TP-GF],20-03-2024 10:23:51,0.02
10996,{storage-tp-10-112-11-213} (10.112.11.213) [EdgeCore_AS7712-32X] @Rack_L16  [TP-GF],20-03-2024 10:24:51,0.02
10996,{storage-tp-10-112-11-213} (10.112.11.213) [EdgeCore_AS7712-32X] @Rack_L16  [TP-GF],20-03-2024 10:25:51,0.02
10996,{storage-tp-10-112-11-213} (10.112.11.213) [EdgeCore_AS7712-32X] @Rack_L16  [TP-GF],20-03-2024 10:26:51,0.02
10996,{storage-tp-10-112-11-213} (10.112.11.213) [EdgeCore_AS7712-32X] @Rack_L16  [TP-GF],20-03-2024 10:27:51,0.02
10996,{storage-tp-10-112-11-213} (10.112.11.213) [EdgeCore_AS7712-32X] @Rack_L16  [TP-GF],20-03-2024 10:28:51,0.02
10996,{storage-tp-10-112-11-213} (10.112.11.213) [EdgeCore_AS7712-32X] @Rack_L16  [TP-GF],20-03-2024 10:29:51,0.02
10996,{storage-tp-10-112-11-213} (10.112.11.213) [EdgeCore_AS7712-32X] @Rack_L16  [TP-GF],20-03-2024 10:30:51,0.02
10996,{storage-tp-10-112-11-213} (10.112.11.213) [EdgeCore_AS7712-32X] @Rack_L16  [TP-GF],20-03-2024 10:31:51,0.02
10996,{storage-tp-10-112-11-213} (10.112.11.213) [EdgeCore_AS7712-32X] @Rack_L16  [TP-GF],20-03-2024 10:32:51,0.02
10996,{storage-tp-10-112-11-213} (10.112.11.213) [EdgeCore_AS7712-32X] @Rack_L16  [TP-GF],20-03-2024 10:33:51,0.02
10996,{storage-tp-10-112-11-213} (10.112.11.213) [EdgeCore_AS7712-32X] @Rack_L16  [TP-GF],20-03-2024 10:34:51,0.02
10996,{storage-tp-10-112-11-213} (10.112.11.213) [EdgeCore_AS7712-32X] @Rack_L16  [TP-GF],20-03-2024 10:35:51,0.02
10996,{storage-tp-10-112-11-213} (10.112.11.213) [EdgeCore_AS7712-32X] @Rack_L16  [TP-GF],20-03-2024 10:36:51,0.02
10996,{storage-tp-10-112-11-213} (10.112.11.213) [EdgeCore_AS7712-32X] @Rack_L16  [TP-GF],20-03-2024 10:37:51,0.02
10996,{storage-tp-10-112-11-213} (10.112.11.213) [EdgeCore_AS7712-32X] @Rack_L16  [TP-GF],20-03-2024 10:38:51,0.02
10996,{storage-tp-10-112-11-213} (10.112.11.213) [EdgeCore_AS7712-32X] @Rack_L16  [TP-GF],20-03-2024 10:39:51,0.02
10996,{storage-tp-10-112-11-213} (10.112.11.213) [EdgeCore_AS7712-32X] @Rack_L16  [TP-GF],20-03-2024 10:40:51,0.02
10996,{storage-tp-10-112-11-213} (10.112.11.213) [EdgeCore_AS7712-32X] @Rack_L16  [TP-GF],20-03-2024 10:41:51,0.02
10996,{storage-tp-10-112-11-213} (10.112.11.213) [EdgeCore_AS7712-32X] @Rack_L16  [TP-GF],20-03-2024 10:42:51,0.02
10996,{storage-tp-10-112-11-213} (10.112.11.213) [EdgeCore_AS7712-32X] @Rack_L16  [TP-GF],20-03-2024 10:43:51,0.02
10996,{storage-tp-10-112-11-213} (10.112.11.213) [EdgeCore_AS7712-32X] @Rack_L16  [TP-GF],20-03-2024 10:44:51,0.02
10996,{storage-tp-10-112-11-213} (10.112.11.213) [EdgeCore_AS7712-32X] @Rack_L16  [TP-GF],20-03-2024 10:45:51,0.02
10996,{storage-tp-10-112-11-213} (10.112.11.213) [EdgeCore_AS7712-32X] @Rack_L16  [TP-GF],20-03-2024 10:46:51,0.02
10996,{storage-tp-10-112-11-213} (10.112.11.213) [EdgeCore_AS7712-32X] @Rack_L16  [TP-GF],20-03-2024 10:47:51,0.02
10996,{storage-tp-10-112-11-213} (10.112.11.213) [EdgeCore_AS7712-32X] @Rack_L16  [TP-GF],20-03-2024 10:48:51,0.02
10996,{storage-tp-10-112-11-213} (10.112.11.213) [EdgeCore_AS7712-32X] @Rack_L16  [TP-GF],20-03-2024 10:49:51,0.02
10996,{storage-tp-10-112-11-213} (10.112.11.213) [EdgeCore_AS7712-32X] @Rack_L16  [TP-GF],20-03-2024 10:50:51,0.02
10996,{storage-tp-10-112-11-213} (10.112.11.213) [EdgeCore_AS7712-32X] @Rack_L16  [TP-GF],20-03-2024 10:51:51,0.02
10996,{storage-tp-10-112-11-213} (10.112.11.213) [EdgeCore_AS7712-32X] @Rack_L16  [TP-GF],20-03-2024 10:52:51,0.02
10996,{storage-tp-10-112-11-213} (10.112.11.213) [EdgeCore_AS7712-32X] @Rack_L16  [TP-GF],20-03-2024 10:53:51,0.02
10996,{storage-tp-10-112-11-213} (10.112.11.213) [EdgeCore_AS7712-32X] @Rack_L16  [TP-GF],20-03-2024 10:54:51,0.02
10996,{storage-tp-10-112-11-213} (10.112.11.213) [EdgeCore_AS7712-32X] @Rack_L16  [TP-GF],20-03-2024 10:55:51,0.02
10996,{storage-tp-10-112-11-213} (10.112.11.213) [EdgeCore_AS7712-32X] @Rack_L16  [TP-GF],20-03-2024 10:56:51,0.02
10996,{storage-tp-10-112-11-213} (10.112.11.213) [EdgeCore_AS7712-32X] @Rack_L16  [TP-GF],20-03-2024 10:57:51,0.02
10996,{storage-tp-10-112-11-213} (10.112.11.213) [EdgeCore_AS7712-32X] @Rack_L16  [TP-GF],20-03-2024 10:58:51,0.02
10996,{storage-tp-10-112-11-213} (10.112.11.213) [EdgeCore_AS7712-32X] @Rack_L16  [TP-GF],20-03-2024 10:59:51,0.02
10996,{storage-tp-10-112-11-213} (10.112.11.213) [EdgeCore_AS7712-32X] @Rack_L16  [TP-GF],20-03-2024 11:00:51,0.02
10996,{storage-tp-10-112-11-213} (10.112.11.213) [EdgeCore_AS7712-32X] @Rack_L16  [TP-GF],20-03-2024 11:01:51,0.02
10996,{storage-tp-10-112-11-213} (10.112.11.213) [EdgeCore_AS7712-32X] @Rack_L16  [TP-GF],20-03-2024 11:02:51,0.02
10996,{storage-tp-10-112-11-213} (10.112.11.213) [EdgeCore_AS7712-32X] @Rack_L16  [TP-GF],20-03-2024 11:03:51,0.02
10996,{storage-tp-10-112-11-213} (10.112.11.213) [EdgeCore_AS7712-32X] @Rack_L16  [TP-GF],20-03-2024 11:04:51,0.02
10996,{storage-tp-10-112-11-213} (10.112.11.213) [EdgeCore_AS7712-32X] @Rack_L16  [TP-GF],20-03-2024 11:05:51,0.02
10996,{storage-tp-10-112-11-213} (10.112.11.213) [EdgeCore_AS7712-32X] @Rack_L16  [TP-GF],20-03-2024 11:06:51,0.02
10996,{storage-tp-10-112-11-213} (10.112.11.213) [EdgeCore_AS7712-32X] @Rack_L16  [TP-GF],20-03-2024 11:07:51,0.02
10996,{storage-tp-10-112-11-213} (10.112.11.213) [EdgeCore_AS7712-32X] @Rack_L16  [TP-GF],20-03-2024 11:08:51,0.02
10996,{storage-tp-10-112-11-213} (10.112.11.213) [EdgeCore_AS7712-32X] @Rack_L16  [TP-GF],20-03-2024 11:09:51,0.02
10996,{storage-tp-10-112-11-213} (10.112.11.213) [EdgeCore_AS7712-32X] @Rack_L16  [TP-GF],20-03-2024 11:10:51,0.02
10996,{storage-tp-10-112-11-213} (10.112.11.213) [EdgeCore_AS7712-32X] @Rack_L16  [TP-GF],20-03-2024 11:11:51,0.02
10996,{storage-tp-10-112-11-213} (10.112.11.213) [EdgeCore_AS7712-32X] @Rack_L16  [TP-GF],20-03-2024 11:12:51,0.02
10996,{storage-tp-10-112-11-213} (10.112.11.213) [EdgeCore_AS7712-32X] @Rack_L16  [TP-GF],20-03-2024 11:13:51,0.02
10996,{storage-tp-10-112-11-213} (10.112.11.213) [EdgeCore_AS7712-32X] @Rack_L16  [TP-GF],20-03-2024 11:14:51,0.02
10996,{storage-tp-10-112-11-213} (10.112.11.213) [EdgeCore_AS7712-32X] @Rack_L16  [TP-GF],20-03-2024 11:15:51,0.02
10996,{storage-tp-10-112-11-213} (10.112.11.213) [EdgeCore_AS7712-32X] @Rack_L16  [TP-GF],20-03-2024 11:16:51,0.02
10996,{storage-tp-10-112-11-213} (10.112.11.213) [EdgeCore_AS7712-32X] @Rack_L16  [TP-GF],20-03-2024 11:17:51,0.02
10996,{storage-tp-10-112-11-213} (10.112.11.213) [EdgeCore_AS7712-32X] @Rack_L16  [TP-GF],20-03-2024 11:18:51,0.02
10996,{storage-tp-10-112-11-213} (10.112.11.213) [EdgeCore_AS7712-32X] @Rack_L16  [TP-GF],20-03-2024 11:19:51,0.02
10996,{storage-tp-10-112-11-213} (10.112.11.213) [EdgeCore_AS7712-32X] @Rack_L16  [TP-GF],20-03-2024 11:20:51,0.02
10996,{storage-tp-10-112-11-213} (10.112.11.213) [EdgeCore_AS7712-32X] @Rack_L16  [TP-GF],20-03-2024 11:21:51,0.02
10996,{storage-tp-10-112-11-213} (10.112.11.213) [EdgeCore_AS7712-32X] @Rack_L16  [TP-GF],20-03-2024 11:22:51,0.02
10996,{storage-tp-10-112-11-213} (10.112.11.213) [EdgeCore_AS7712-32X] @Rack_L16  [TP-GF],20-03-2024 11:23:51,0.02
10996,{storage-tp-10-112-11-213} (10.112.11.213) [EdgeCore_AS7712-32X] @Rack_L16  [TP-GF],20-03-2024 11:24:51,0.02
10996,{storage-tp-10-112-11-213} (10.112.11.213) [EdgeCore_AS7712-32X] @Rack_L16  [TP-GF],20-03-2024 11:25:51,0.02
10996,{storage-tp-10-112-11-213} (10.112.11.213) [EdgeCore_AS7712-32X] @Rack_L16  [TP-GF],20-03-2024 11:26:51,0.02
10996,{storage-tp-10-112-11-213} (10.112.11.213) [EdgeCore_AS7712-32X] @Rack_L16  [TP-GF],20-03-2024 11:27:51,0.02
10996,{storage-tp-10-112-11-213} (10.112.11.213) [EdgeCore_AS7712-32X] @Rack_L16  [TP-GF],20-03-2024 11:28:51,0.02
10996,{storage-tp-10-112-11-213} (10.112.11.213) [EdgeCore_AS7712-32X] @Rack_L16  [TP-GF],20-03-2024 11:29:50,0.02
10996,{storage-tp-10-112-11-213} (10.112.11.213) [EdgeCore_AS7712-32X] @Rack_L16  [TP-GF],20-03-2024 11:30:51,0.02
10996,{storage-tp-10-112-11-213} (10.112.11.213) [EdgeCore_AS7712-32X] @Rack_L16  [TP-GF],20-03-2024 11:31:51,0.02
10996,{storage-tp-10-112-11-213} (10.112.11.213) [EdgeCore_AS7712-32X] @Rack_L16  [TP-GF],20-03-2024 11:32:51,0.02
10996,{storage-tp-10-112-11-213} (10.112.11.213) [EdgeCore_AS7712-32X] @Rack_L16  [TP-GF],20-03-2024 11:33:51,0.02
10996,{storage-tp-10-112-11-213} (10.112.11.213) [EdgeCore_AS7712-32X] @Rack_L16  [TP-GF],20-03-2024 11:34:51,0.02
10996,{storage-tp-10-112-11-213} (10.112.11.213) [EdgeCore_AS7712-32X] @Rack_L16  [TP-GF],20-03-2024 11:35:51,0.02
10996,{storage-tp-10-112-11-213} (10.112.11.213) [EdgeCore_AS7712-32X] @Rack_L16  [TP-GF],20-03-2024 11:36:51,0.02
10996,{storage-tp-10-112-11-213} (10.112.11.213) [EdgeCore_AS7712-32X] @Rack_L16  [TP-GF],20-03-2024 11:37:51,0.02
10996,{storage-tp-10-112-11-213} (10.112.11.213) [EdgeCore_AS7712-32X] @Rack_L16  [TP-GF],20-03-2024 11:38:51,0.02
10996,{storage-tp-10-112-11-213} (10.112.11.213) [EdgeCore_AS7712-32X] @Rack_L16  [TP-GF],20-03-2024 11:39:51,0.02
10996,{storage-tp-10-112-11-213} (10.112.11.213) [EdgeCore_AS7712-32X] @Rack_L16  [TP-GF],20-03-2024 11:40:51,0.02
10996,{storage-tp-10-112-11-213} (10.112.11.213) [EdgeCore_AS7712-32X] @Rack_L16  [TP-GF],20-03-2024 11:41:51,0.02
10996,{storage-tp-10-112-11-213} (10.112.11.213) [EdgeCore_AS7712-32X] @Rack_L16  [TP-GF],20-03-2024 11:42:51,0.02
10996,{storage-tp-10-112-11-213} (10.112.11.213) [EdgeCore_AS7712-32X] @Rack_L16  [TP-GF],20-03-2024 11:43:51,0.02
10996,{storage-tp-10-112-11-213} (10.112.11.213) [EdgeCore_AS7712-32X] @Rack_L16  [TP-GF],20-03-2024 11:44:51,0.02
10996,{storage-tp-10-112-11-213} (10.112.11.213) [EdgeCore_AS7712-32X] @Rack_L16  [TP-GF],20-03-2024 11:45:51,0.02
10996,{storage-tp-10-112-11-213} (10.112.11.213) [EdgeCore_AS7712-32X] @Rack_L16  [TP-GF],20-03-2024 11:46:51,0.02
10996,{storage-tp-10-112-11-213} (10.112.11.213) [EdgeCore_AS7712-32X] @Rack_L16  [TP-GF],20-03-2024 11:47:51,0.02
10996,{storage-tp-10-112-11-213} (10.112.11.213) [EdgeCore_AS7712-32X] @Rack_L16  [TP-GF],20-03-2024 11:48:51,0.02
10996,{storage-tp-10-112-11-213} (10.112.11.213) [EdgeCore_AS7712-32X] @Rack_L16  [TP-GF],20-03-2024 11:49:51,0.02
10996,{storage-tp-10-112-11-213} (10.112.11.213) [EdgeCore_AS7712-32X] @Rack_L16  [TP-GF],20-03-2024 11:50:51,0.02
10996,{storage-tp-10-112-11-213} (10.112.11.213) [EdgeCore_AS7712-32X] @Rack_L16  [TP-GF],20-03-2024 11:51:51,0.02
10996,{storage-tp-10-112-11-213} (10.112.11.213) [EdgeCore_AS7712-32X] @Rack_L16  [TP-GF],20-03-2024 11:52:51,0.02
10996,{storage-tp-10-112-11-213} (10.112.11.213) [EdgeCore_AS7712-32X] @Rack_L16  [TP-GF],20-03-2024 11:53:51,0.02
10996,{storage-tp-10-112-11-213} (10.112.11.213) [EdgeCore_AS7712-32X] @Rack_L16  [TP-GF],20-03-2024 11:54:51,0.02
10996,{storage-tp-10-112-11-213} (10.112.11.213) [EdgeCore_AS7712-32X] @Rack_L16  [TP-GF],20-03-2024 11:55:51,0.02
10996,{storage-tp-10-112-11-213} (10.112.11.213) [EdgeCore_AS7712-32X] @Rack_L16  [TP-GF],20-03-2024 11:56:51,0.02
10996,{storage-tp-10-112-11-213} (10.112.11.213) [EdgeCore_AS7712-32X] @Rack_L16  [TP-GF],20-03-2024 11:57:51,0.02
10996,{storage-tp-10-112-11-213} (10.112.11.213) [EdgeCore_AS7712-32X] @Rack_L16  [TP-GF],20-03-2024 11:58:51,0.02
10996,{storage-tp-10-112-11-213} (10.112.11.213) [EdgeCore_AS7712-32X] @Rack_L16  [TP-GF],20-03-2024 11:59:51,0.02
10996,{storage-tp-10-112-11-213} (10.112.11.213) [EdgeCore_AS7712-32X] @Rack_L16  [TP-GF],20-03-2024 12:00:51,0.02
10996,{storage-tp-10-112-11-213} (10.112.11.213) [EdgeCore_AS7712-32X] @Rack_L16  [TP-GF],20-03-2024 12:01:51,0.02
10996,{storage-tp-10-112-11-213} (10.112.11.213) [EdgeCore_AS7712-32X] @Rack_L16  [TP-GF],20-03-2024 12:02:51,0.02
10996,{storage-tp-10-112-11-213} (10.112.11.213) [EdgeCore_AS7712-32X] @Rack_L16  [TP-GF],20-03-2024 12:03:51,0.02
10996,{storage-tp-10-112-11-213} (10.112.11.213) [EdgeCore_AS7712-32X] @Rack_L16  [TP-GF],20-03-2024 12:04:51,0.02
10996,{storage-tp-10-112-11-213} (10.112.11.213) [EdgeCore_AS7712-32X] @Rack_L16  [TP-GF],20-03-2024 12:05:51,0.02
10996,{storage-tp-10-112-11-213} (10.112.11.213) [EdgeCore_AS7712-32X] @Rack_L16  [TP-GF],20-03-2024 12:06:51,0.02
10996,{storage-tp-10-112-11-213} (10.112.11.213) [EdgeCore_AS7712-32X] @Rack_L16  [TP-GF],20-03-2024 12:07:51,0.02
10996,{storage-tp-10-112-11-213} (10.112.11.213) [EdgeCore_AS7712-32X] @Rack_L16  [TP-GF],20-03-2024 12:08:51,0.02
10996,{storage-tp-10-112-11-213} (10.112.11.213) [EdgeCore_AS7712-32X] @Rack_L16  [TP-GF],20-03-2024 12:09:51,0.02
10996,{storage-tp-10-112-11-213} (10.112.11.213) [EdgeCore_AS7712-32X] @Rack_L16  [TP-GF],20-03-2024 12:10:51,0.02
10996,{storage-tp-10-112-11-213} (10.112.11.213) [EdgeCore_AS7712-32X] @Rack_L16  [TP-GF],20-03-2024 12:11:51,0.02
10996,{storage-tp-10-112-11-213} (10.112.11.213) [EdgeCore_AS7712-32X] @Rack_L16  [TP-GF],20-03-2024 12:12:51,0.02
10996,{storage-tp-10-112-11-213} (10.112.11.213) [EdgeCore_AS7712-32X] @Rack_L16  [TP-GF],20-03-2024 12:13:51,0.02
10996,{storage-tp-10-112-11-213} (10.112.11.213) [EdgeCore_AS7712-32X] @Rack_L16  [TP-GF],20-03-2024 12:14:51,0.02
10996,{storage-tp-10-112-11-213} (10.112.11.213) [EdgeCore_AS7712-32X] @Rack_L16  [TP-GF],20-03-2024 12:15:51,0.02
10996,{storage-tp-10-112-11-213} (10.112.11.213) [EdgeCore_AS7712-32X] @Rack_L16  [TP-GF],20-03-2024 12:16:51,0.02
10996,{storage-tp-10-112-11-213} (10.112.11.213) [EdgeCore_AS7712-32X] @Rack_L16  [TP-GF],20-03-2024 12:17:51,0.02
10996,{storage-tp-10-112-11-213} (10.112.11.213) [EdgeCore_AS7712-32X] @Rack_L16  [TP-GF],20-03-2024 12:18:51,0.02
10996,{storage-tp-10-112-11-213} (10.112.11.213) [EdgeCore_AS7712-32X] @Rack_L16  [TP-GF],20-03-2024 12:19:51,0.02
10996,{storage-tp-10-112-11-213} (10.112.11.213) [EdgeCore_AS7712-32X] @Rack_L16  [TP-GF],20-03-2024 12:20:51,0.02
10996,{storage-tp-10-112-11-213} (10.112.11.213) [EdgeCore_AS7712-32X] @Rack_L16  [TP-GF],20-03-2024 12:21:51,0.02
10996,{storage-tp-10-112-11-213} (10.112.11.213) [EdgeCore_AS7712-32X] @Rack_L16  [TP-GF],20-03-2024 12:22:51,0.02
10996,{storage-tp-10-112-11-213} (10.112.11.213) [EdgeCore_AS7712-32X] @Rack_L16  [TP-GF],20-03-2024 12:23:51,0.02
10996,{storage-tp-10-112-11-213} (10.112.11.213) [EdgeCore_AS7712-32X] @Rack_L16  [TP-GF],20-03-2024 12:24:51,0.02
10996,{storage-tp-10-112-11-213} (10.112.11.213) [EdgeCore_AS7712-32X] @Rack_L16  [TP-GF],20-03-2024 12:25:51,0.02
10996,{storage-tp-10-112-11-213} (10.112.11.213) [EdgeCore_AS7712-32X] @Rack_L16  [TP-GF],20-03-2024 12:26:51,0.02
10996,{storage-tp-10-112-11-213} (10.112.11.213) [EdgeCore_AS7712-32X] @Rack_L16  [TP-GF],20-03-2024 12:27:51,0.02
10996,{storage-tp-10-112-11-213} (10.112.11.213) [EdgeCore_AS7712-32X] @Rack_L16  [TP-GF],20-03-2024 12:28:51,0.02
10996,{storage-tp-10-112-11-213} (10.112.11.213) [EdgeCore_AS7712-32X] @Rack_L16  [TP-GF],20-03-2024 12:29:51,0.02
10996,{storage-tp-10-112-11-213} (10.112.11.213) [EdgeCore_AS7712-32X] @Rack_L16  [TP-GF],20-03-2024 12:30:51,0.02
10996,{storage-tp-10-112-11-213} (10.112.11.213) [EdgeCore_AS7712-32X] @Rack_L16  [TP-GF],20-03-2024 12:31:51,0.02
10996,{storage-tp-10-112-11-213} (10.112.11.213) [EdgeCore_AS7712-32X] @Rack_L16  [TP-GF],20-03-2024 12:32:51,0.02
10996,{storage-tp-10-112-11-213} (10.112.11.213) [EdgeCore_AS7712-32X] @Rack_L16  [TP-GF],20-03-2024 12:33:51,0.02
10996,{storage-tp-10-112-11-213} (10.112.11.213) [EdgeCore_AS7712-32X] @Rack_L16  [TP-GF],20-03-2024 12:34:51,0.02
10996,{storage-tp-10-112-11-213} (10.112.11.213) [EdgeCore_AS7712-32X] @Rack_L16  [TP-GF],20-03-2024 12:35:51,0.02
10996,{storage-tp-10-112-11-213} (10.112.11.213) [EdgeCore_AS7712-32X] @Rack_L16  [TP-GF],20-03-2024 12:36:51,0.02
10996,{storage-tp-10-112-11-213} (10.112.11.213) [EdgeCore_AS7712-32X] @Rack_L16  [TP-GF],20-03-2024 12:37:51,0.02
10996,{storage-tp-10-112-11-213} (10.112.11.213) [EdgeCore_AS7712-32X] @Rack_L16  [TP-GF],20-03-2024 12:38:51,0.02
10996,{storage-tp-10-112-11-213} (10.112.11.213) [EdgeCore_AS7712-32X] @Rack_L16  [TP-GF],20-03-2024 12:39:51,0.02
10996,{storage-tp-10-112-11-213} (10.112.11.213) [EdgeCore_AS7712-32X] @Rack_L16  [TP-GF],20-03-2024 12:40:51,0.02
10996,{storage-tp-10-112-11-213} (10.112.11.213) [EdgeCore_AS7712-32X] @Rack_L16  [TP-GF],20-03-2024 12:41:51,0.02
10996,{storage-tp-10-112-11-213} (10.112.11.213) [EdgeCore_AS7712-32X] @Rack_L16  [TP-GF],20-03-2024 12:42:51,0.02
10996,{storage-tp-10-112-11-213} (10.112.11.213) [EdgeCore_AS7712-32X] @Rack_L16  [TP-GF],20-03-2024 12:43:51,0.02
10996,{storage-tp-10-112-11-213} (10.112.11.213) [EdgeCore_AS7712-32X] @Rack_L16  [TP-GF],20-03-2024 12:44:51,0.02
10996,{storage-tp-10-112-11-213} (10.112.11.213) [EdgeCore_AS7712-32X] @Rack_L16  [TP-GF],20-03-2024 12:45:51,0.02
10996,{storage-tp-10-112-11-213} (10.112.11.213) [EdgeCore_AS7712-32X] @Rack_L16  [TP-GF],20-03-2024 12:46:51,0.02
10996,{storage-tp-10-112-11-213} (10.112.11.213) [EdgeCore_AS7712-32X] @Rack_L16  [TP-GF],20-03-2024 12:47:51,0.02
10996,{storage-tp-10-112-11-213} (10.112.11.213) [EdgeCore_AS7712-32X] @Rack_L16  [TP-GF],20-03-2024 12:48:51,0.02
10996,{storage-tp-10-112-11-213} (10.112.11.213) [EdgeCore_AS7712-32X] @Rack_L16  [TP-GF],20-03-2024 12:49:51,0.02
10996,{storage-tp-10-112-11-213} (10.112.11.213) [EdgeCore_AS7712-32X] @Rack_L16  [TP-GF],20-03-2024 12:50:51,0.02
10996,{storage-tp-10-112-11-213} (10.112.11.213) [EdgeCore_AS7712-32X] @Rack_L16  [TP-GF],20-03-2024 12:51:51,0.02
10996,{storage-tp-10-112-11-213} (10.112.11.213) [EdgeCore_AS7712-32X] @Rack_L16  [TP-GF],20-03-2024 12:52:51,0.02
10996,{storage-tp-10-112-11-213} (10.112.11.213) [EdgeCore_AS7712-32X] @Rack_L16  [TP-GF],20-03-2024 12:53:51,0.02
10996,{storage-tp-10-112-11-213} (10.112.11.213) [EdgeCore_AS7712-32X] @Rack_L16  [TP-GF],20-03-2024 12:54:51,0.02
10996,{storage-tp-10-112-11-213} (10.112.11.213) [EdgeCore_AS7712-32X] @Rack_L16  [TP-GF],20-03-2024 12:55:51,0.02
10996,{storage-tp-10-112-11-213} (10.112.11.213) [EdgeCore_AS7712-32X] @Rack_L16  [TP-GF],20-03-2024 12:56:51,0.02
10996,{storage-tp-10-112-11-213} (10.112.11.213) [EdgeCore_AS7712-32X] @Rack_L16  [TP-GF],20-03-2024 12:57:51,0.02
10996,{storage-tp-10-112-11-213} (10.112.11.213) [EdgeCore_AS7712-32X] @Rack_L16  [TP-GF],20-03-2024 12:58:51,0.02
10996,{storage-tp-10-112-11-213} (10.112.11.213) [EdgeCore_AS7712-32X] @Rack_L16  [TP-GF],20-03-2024 12:59:51,0.02
10996,{storage-tp-10-112-11-213} (10.112.11.213) [EdgeCore_AS7712-32X] @Rack_L16  [TP-GF],20-03-2024 13:00:51,0.02
10996,{storage-tp-10-112-11-213} (10.112.11.213) [EdgeCore_AS7712-32X] @Rack_L16  [TP-GF],20-03-2024 13:01:51,0.02
10996,{storage-tp-10-112-11-213} (10.112.11.213) [EdgeCore_AS7712-32X] @Rack_L16  [TP-GF],20-03-2024 13:02:51,0.02
10996,{storage-tp-10-112-11-213} (10.112.11.213) [EdgeCore_AS7712-32X] @Rack_L16  [TP-GF],20-03-2024 13:03:51,0.02
10996,{storage-tp-10-112-11-213} (10.112.11.213) [EdgeCore_AS7712-32X] @Rack_L16  [TP-GF],20-03-2024 13:04:51,0.02
10996,{storage-tp-10-112-11-213} (10.112.11.213) [EdgeCore_AS7712-32X] @Rack_L16  [TP-GF],20-03-2024 13:05:51,0.02
10996,{storage-tp-10-112-11-213} (10.112.11.213) [EdgeCore_AS7712-32X] @Rack_L16  [TP-GF],20-03-2024 13:06:51,0.02
10996,{storage-tp-10-112-11-213} (10.112.11.213) [EdgeCore_AS7712-32X] @Rack_L16  [TP-GF],20-03-2024 13:07:51,0.02
10996,{storage-tp-10-112-11-213} (10.112.11.213) [EdgeCore_AS7712-32X] @Rack_L16  [TP-GF],20-03-2024 13:08:51,0.02
10996,{storage-tp-10-112-11-213} (10.112.11.213) [EdgeCore_AS7712-32X] @Rack_L16  [TP-GF],20-03-2024 13:09:51,0.02
10996,{storage-tp-10-112-11-213} (10.112.11.213) [EdgeCore_AS7712-32X] @Rack_L16  [TP-GF],20-03-2024 13:10:51,0.02
10996,{storage-tp-10-112-11-213} (10.112.11.213) [EdgeCore_AS7712-32X] @Rack_L16  [TP-GF],20-03-2024 13:11:51,0.02
10996,{storage-tp-10-112-11-213} (10.112.11.213) [EdgeCore_AS7712-32X] @Rack_L16  [TP-GF],20-03-2024 13:12:51,0.02
10996,{storage-tp-10-112-11-213} (10.112.11.213) [EdgeCore_AS7712-32X] @Rack_L16  [TP-GF],20-03-2024 13:13:51,0.02
10996,{storage-tp-10-112-11-213} (10.112.11.213) [EdgeCore_AS7712-32X] @Rack_L16  [TP-GF],20-03-2024 13:14:51,0.02
10996,{storage-tp-10-112-11-213} (10.112.11.213) [EdgeCore_AS7712-32X] @Rack_L16  [TP-GF],20-03-2024 13:15:51,0.02
10996,{storage-tp-10-112-11-213} (10.112.11.213) [EdgeCore_AS7712-32X] @Rack_L16  [TP-GF],20-03-2024 13:16:51,0.02
10996,{storage-tp-10-112-11-213} (10.112.11.213) [EdgeCore_AS7712-32X] @Rack_L16  [TP-GF],20-03-2024 13:17:51,0.02
10996,{storage-tp-10-112-11-213} (10.112.11.213) [EdgeCore_AS7712-32X] @Rack_L16  [TP-GF],20-03-2024 13:18:51,0.02
10996,{storage-tp-10-112-11-213} (10.112.11.213) [EdgeCore_AS7712-32X] @Rack_L16  [TP-GF],20-03-2024 13:19:51,0.02
10996,{storage-tp-10-112-11-213} (10.112.11.213) [EdgeCore_AS7712-32X] @Rack_L16  [TP-GF],20-03-2024 13:20:51,0.02
10996,{storage-tp-10-112-11-213} (10.112.11.213) [EdgeCore_AS7712-32X] @Rack_L16  [TP-GF],20-03-2024 13:21:51,0.02
10996,{storage-tp-10-112-11-213} (10.112.11.213) [EdgeCore_AS7712-32X] @Rack_L16  [TP-GF],20-03-2024 13:22:51,0.02
10996,{storage-tp-10-112-11-213} (10.112.11.213) [EdgeCore_AS7712-32X] @Rack_L16  [TP-GF],20-03-2024 13:23:51,0.02
10996,{storage-tp-10-112-11-213} (10.112.11.213) [EdgeCore_AS7712-32X] @Rack_L16  [TP-GF],20-03-2024 13:24:51,0.02
10996,{storage-tp-10-112-11-213} (10.112.11.213) [EdgeCore_AS7712-32X] @Rack_L16  [TP-GF],20-03-2024 13:25:51,0.02
10996,{storage-tp-10-112-11-213} (10.112.11.213) [EdgeCore_AS7712-32X] @Rack_L16  [TP-GF],20-03-2024 13:26:51,0.02
10996,{storage-tp-10-112-11-213} (10.112.11.213) [EdgeCore_AS7712-32X] @Rack_L16  [TP-GF],20-03-2024 13:27:51,0.02
10996,{storage-tp-10-112-11-213} (10.112.11.213) [EdgeCore_AS7712-32X] @Rack_L16  [TP-GF],20-03-2024 13:28:51,0.02
10996,{storage-tp-10-112-11-213} (10.112.11.213) [EdgeCore_AS7712-32X] @Rack_L16  [TP-GF],20-03-2024 13:29:51,0.02
